name, comedy, drama, family, horror, other
A6X6LNZO1C3EZ,10.000000,6.000000,9.666667,6.000000,0.000000
A32AK8FOAZEPE2,6.000000,6.571429,6.111111,10.000000,7.902439
AXQ8T2D9IT6UG,8.000000,8.857143,9.000000,8.000000,8.166667
A38921VU3NJDFK,8.000000,8.000000,10.000000,7.428571,8.214286
A3S9887MZFNNH1,0.000000,0.000000,10.000000,8.941176,5.538462
A1GD1G8XXPRYQ8,8.400000,8.500000,8.888889,8.857143,8.111111
AR14BIUHYR6B7,0.000000,0.000000,0.000000,0.000000,8.378378
A2PR6NXG0PA3KY,5.500000,6.000000,10.000000,9.000000,9.111111
A1OBJ2263JCK5,0.000000,10.000000,9.894737,10.000000,0.000000
A2K3L0DOPQQ697,7.000000,0.000000,9.500000,9.066667,6.000000
AQUVTQFFXP4AC,7.000000,7.333333,8.666667,6.222222,6.000000
A12X2J7AVZ04IQ,10.000000,9.333333,9.964912,10.000000,9.324675
AFFVUZEGP1FDQ,8.000000,0.000000,5.500000,9.000000,5.833333
AIY4H4KWR2KWZ,2.000000,10.000000,9.250000,6.000000,7.600000
A2ZE73RFY0GD3K,0.000000,8.000000,8.000000,8.000000,9.739130
A2LR4NR0G8KO7C,4.666667,4.000000,0.000000,3.375000,5.520000
A1KD8NJPZ01R37,4.000000,0.000000,10.000000,8.000000,8.307692
APW72P4COWTBK,0.000000,0.000000,6.000000,8.000000,8.222222
A18CMGIQZ1OAA2,0.000000,0.000000,8.400000,9.666667,3.454545
A1X15AQVSCKKRG,8.857143,0.000000,10.000000,8.285714,8.769231
A3UDYY6L2NH3JS,8.571429,8.564103,9.402597,9.479167,8.459770
A1C0PHJN6AUZT6,8.000000,0.000000,9.500000,8.857143,8.750000
A168VXSISJWQN9,8.857143,0.000000,6.363636,10.000000,7.571429
A4SY5RCGC5CH9,0.000000,8.923077,9.166667,8.857143,10.000000
AO461REE0KA4J,0.000000,10.000000,10.000000,9.833333,9.066667
A2VMT89TCSF105,8.000000,6.400000,7.142857,8.800000,3.666667
A3P9D22KDEXVMN,6.000000,8.000000,7.333333,9.250000,8.600000
ASJ89T42CIUHU,10.000000,10.000000,8.842105,7.600000,7.100000
A3081Z4P774YR4,8.333333,8.888889,9.000000,8.000000,9.652174
A126KX6FVI4T66,6.666667,8.000000,7.250000,7.000000,6.945946
A25UZ7MA72SMKM,8.800000,8.000000,9.466667,8.875000,10.000000
AXV9GS0TMSVW,2.000000,0.000000,8.363636,9.333333,6.000000
A1FFPPPIOSI36M,0.000000,6.000000,5.500000,6.000000,6.285714
A37PV5GMP2ILJC,6.666667,8.000000,7.866667,8.133333,7.666667
A3N8RZSXKN1OR2,0.000000,0.000000,8.952381,7.846154,9.692308
A3I49HL6XR62DI,7.333333,0.000000,7.454545,7.555556,7.571429
A1EHTFVSD0H7I6,8.000000,6.000000,7.789474,7.666667,8.000000
A3M3FG82ZE1J8I,0.000000,0.000000,10.000000,10.000000,10.000000
A29COAL60SB48B,0.000000,10.000000,10.000000,9.666667,0.000000
AWPODHOB4GFWL,8.666667,6.400000,9.818182,10.000000,7.333333
A1NVW4NUXPOSJB,10.000000,0.000000,8.666667,8.333333,7.555556
A2HWD9PTM7RBXN,6.000000,10.000000,8.000000,0.000000,8.363636
A2S166WSCFIFP5,0.000000,0.000000,9.571429,0.000000,9.200000
A2BZ7MYTSNYMEW,0.000000,7.333333,8.105263,10.000000,4.000000
ATS1HA5M3EPZ4,8.000000,10.000000,8.765957,8.823529,8.076923
A34W7QA4J5UTOR,10.000000,0.000000,10.000000,10.000000,9.200000
AC16NVPW23KGG,0.000000,0.000000,7.000000,0.000000,10.000000
A13D1WTFEMS9VH,6.000000,10.000000,7.333333,4.000000,6.461538
AUDSM2CTLLW1Q,6.000000,9.400000,6.222222,7.833333,8.666667
A2EIK4L9730WWJ,10.000000,0.000000,9.200000,10.000000,9.142857
A2F7CCPK4QL359,10.000000,8.000000,7.666667,8.000000,8.666667
A15YPJLKLZS0MK,0.000000,6.000000,5.500000,6.384615,4.974359
A1RECBDKHVOJMW,0.000000,10.000000,8.600000,9.111111,0.000000
A3Q1EDCBV2KU8D,8.000000,0.000000,8.000000,0.000000,7.172414
A39IBJB2PBVC7I,8.400000,8.800000,6.500000,6.333333,8.133333
A2RFG9LI7JDILS,8.000000,8.800000,8.000000,7.777778,8.363636
A2TAPL67U2A5HM,10.000000,0.000000,8.900000,8.666667,8.000000
APM06HT7JIPZ5,10.000000,7.600000,7.750000,8.461538,7.428571
AUUH6Z8MSGGF,0.000000,6.000000,8.125000,9.882353,8.705882
A2Q457CES5ZUZ,8.000000,8.000000,9.000000,10.000000,0.000000
AIIR8E34EDKCQ,10.000000,8.000000,9.515152,9.130435,8.571429
A1D2ZN57YG2NMH,9.272727,9.500000,8.117647,9.555556,9.261538
A1IOJE0W1NXOSE,6.307692,8.000000,8.441176,6.750000,7.288136
A22AD8M2SSOFHJ,8.666667,0.000000,9.636364,9.000000,8.571429
AYZLXLVMJGTJV,0.000000,6.500000,9.000000,9.200000,9.555556
A2F3SXHT6RBV81,6.000000,0.000000,7.000000,6.210526,5.200000
AS558SNWF1DXG,0.000000,6.000000,6.909091,5.750000,7.391304
AK7D1BHZOSOL1,8.615385,0.000000,9.090909,5.200000,8.139535
A2W00XKTTF1G0Z,10.000000,9.333333,8.862069,7.200000,7.920000
A56AA52NMMKYQ,10.000000,0.000000,7.571429,8.000000,7.333333
A3FBGZ4E6KGIW2,6.000000,6.000000,6.800000,4.000000,6.764706
A192KEPM0HW6AC,0.000000,0.000000,8.625000,7.000000,3.777778
AU25GMX57XBVO,0.000000,10.000000,8.000000,6.380952,6.363636
AEQFYOI6YJ83Z,8.800000,9.200000,8.333333,9.377778,7.600000
A3GN9I0UYV08LC,0.000000,0.000000,9.200000,10.000000,9.200000
A21VGNU5959O85,0.000000,10.000000,5.354839,9.066667,4.000000
A2Q7YBUV8IPTLW,0.000000,8.000000,0.000000,0.000000,4.545455
A146D2LYLICNLS,6.000000,6.000000,8.923077,6.727273,7.793103
A9TG2NFA614S9,9.750000,9.000000,8.722222,8.720000,8.909091
A3E975KR2HRERX,0.000000,0.000000,8.000000,0.000000,5.636364
ASJ54MITON1NO,0.000000,10.000000,10.000000,9.259259,7.437500
A3CFT5LHFCB46K,0.000000,10.000000,10.000000,10.000000,8.500000
A1TUVJBY0X4M5O,5.333333,0.000000,4.000000,4.000000,3.733333
A15TNUM2PBS6F0,8.000000,10.000000,6.857143,8.125000,7.000000
A26JGAM6GZMM4V,0.000000,8.818182,9.885714,9.529412,9.083333
A2T049UQONS0OY,6.200000,6.000000,8.230769,6.823529,6.400000
A3EOVXI1VZIHUQ,6.000000,9.333333,6.909091,8.000000,5.538462
AVF60NZ99H9D5,0.000000,0.000000,0.000000,6.400000,5.545455
A3QJU4FEN8PQSZ,4.500000,4.000000,3.714286,6.285714,4.642857
A3M5O6UHXO9IBU,3.200000,6.800000,3.714286,8.000000,3.526316
AW1493ZQTQ2ET,0.000000,0.000000,8.000000,8.222222,6.727273
A1E85KPLPYVW8E,6.000000,6.333333,5.529412,7.000000,7.428571
AEVNUEDRGTC4P,10.000000,0.000000,6.000000,7.333333,5.615385
A267IXCC7UK1HY,4.000000,0.000000,4.000000,8.000000,7.000000
A32XW50ILWOXNO,6.125000,7.428571,5.577465,6.666667,5.882353
A1V3TRGWOMA8LC,6.000000,7.600000,6.000000,7.333333,5.555556
A2HW33PQSRHLNO,10.000000,10.000000,7.294118,8.439024,6.500000
A2JDYUSI2RILEB,0.000000,0.000000,8.782609,7.000000,6.571429
A17NFLRFTMYXF5,10.000000,0.000000,0.000000,0.000000,9.454545
A3CCYAQRHUTPIQ,6.000000,0.000000,0.000000,10.000000,7.652174
A3KJ6JAZPH382D,7.600000,6.250000,7.357143,6.689655,7.666667
A1PCQHQ6NPGL9F,4.000000,0.000000,8.216216,9.600000,7.944444
A2Z5WEA0KOMN9G,8.000000,0.000000,6.666667,0.000000,7.933333
APP5MBH2BSX6I,0.000000,0.000000,6.000000,7.111111,8.285714
A3OI841P5R6FCH,0.000000,8.000000,8.000000,8.000000,8.400000
A3F3B6HY9RJI04,6.400000,0.000000,7.586207,6.363636,6.000000
A3EZHMGGWY74HY,0.000000,8.000000,8.666667,5.333333,10.000000
A20LY8E9NGYA4M,7.454545,8.000000,7.818182,9.272727,7.833333
AHBNPMHDWZ7SB,8.000000,8.000000,9.030303,7.200000,9.000000
A2EENLV6OQ3DYM,0.000000,0.000000,8.222222,8.000000,10.000000
AWEOR1WZSMBEZ,8.000000,0.000000,6.000000,10.000000,8.444444
A1AUOVXPT5MYX4,8.000000,6.000000,9.666667,9.000000,9.444444
A2BT7IC8PT1ZC9,6.888889,0.000000,7.312500,9.333333,6.560000
A1G5Q9HBN0EGDV,0.000000,0.000000,10.000000,10.000000,10.000000
A3572FTYUQQW3P,4.000000,6.000000,8.142857,8.500000,6.625000
A3ARJ16772TKHT,10.000000,10.000000,8.571429,7.000000,7.625000
AJLYAY1G5Z8GE,0.000000,0.000000,8.769231,8.000000,9.076923
A2W2ODLRQ2L8LE,10.000000,0.000000,8.375000,8.000000,7.846154
AAEP8YFERQ8FC,10.000000,8.000000,7.806452,10.000000,6.000000
A1YHKSTVSYEYTU,0.000000,0.000000,7.200000,8.500000,8.357143
A39C7SEMCJWVOI,10.000000,0.000000,0.000000,9.846154,9.555556
A1M4NJYP0WNL8Q,10.000000,8.000000,8.666667,9.454545,8.333333
A3VUO1LJGMSZQY,0.000000,0.000000,10.000000,0.000000,9.833333
A22RY8N8CNDF3A,7.555556,8.000000,7.462687,8.250000,6.444444
A1C80B497LCYKA,4.000000,0.000000,9.294118,9.200000,7.000000
A2JTD6D79HNA5X,10.000000,0.000000,10.000000,0.000000,7.200000
A1VCLTAGM5RLND,10.000000,8.200000,9.384615,6.444444,9.150943
A3PQ3K5RKNJYA1,8.000000,4.000000,6.750000,8.000000,7.578947
A3CN9CCJUNIPKT,8.400000,6.000000,6.600000,8.000000,7.611111
A3OXHLG6DIBRW8,8.500000,0.000000,8.866667,9.083333,8.357143
A1UFV4HALV2OXW,10.000000,10.000000,9.846154,10.000000,10.000000
A1N7YA81ZI4KAF,10.000000,0.000000,10.000000,6.695652,0.000000
A9Q28YTLYREO7,2.969697,0.000000,8.500000,8.000000,6.272727
A39VJRIW7HC5C0,0.000000,0.000000,0.000000,2.000000,8.166667
A2RHQMV5GD18Z8,8.000000,9.777778,9.500000,9.500000,8.777778
AEMZRE6QYVQBS,0.000000,0.000000,9.777778,10.000000,8.900000
A17O7AGDZPOJSS,0.000000,8.000000,10.000000,8.666667,9.333333
A2YM3KILJ1G0YJ,9.666667,10.000000,8.523810,8.292683,6.100000
A1CYOHNGQ1WED1,5.833333,8.000000,6.777778,5.714286,5.483871
A328547P5BGZC,0.000000,0.000000,10.000000,9.000000,10.000000
A1I7QGUDP043DG,10.000000,9.230769,9.577465,9.655172,9.225806
A1Y0HX12MCT6OR,0.000000,0.000000,4.571429,8.181818,3.636364
A3IKBHODOTYYHM,7.000000,8.666667,8.666667,7.120000,8.714286
A2GBJQ9THOYDAJ,8.000000,7.000000,7.666667,8.571429,7.581395
A3DE1IYJGU5HPW,0.000000,10.000000,9.111111,9.500000,8.600000
A1SVXJZ3386U2D,9.200000,9.142857,9.473684,9.310345,9.135135
A35R8PJSEURHHF,3.428571,6.000000,5.833333,0.000000,4.800000
A3N0LBOUQAD1BG,0.000000,0.000000,8.400000,6.571429,10.000000
A3ADUOVTY3TIRU,0.000000,0.000000,10.000000,10.000000,8.774194
ABP69F7LFTI1R,10.000000,0.000000,9.500000,10.000000,6.222222
A23GFTVIETX7DS,8.000000,8.000000,8.810811,9.058824,7.333333
A1Y87E22UVYCE6,0.000000,10.000000,9.250000,10.000000,9.818182
A1IUI3CJUMB7J0,6.133333,0.000000,7.040000,7.750000,7.043478
A2Z0A3DOG0EVTY,5.200000,4.000000,7.578947,7.333333,8.000000
A3TUQ1JB7ZZNZG,0.000000,0.000000,8.000000,9.571429,10.000000
A1I7GHG2XNYO3J,0.000000,10.000000,10.000000,10.000000,9.212121
AZ1H3VLCDR298,8.000000,0.000000,10.000000,10.000000,9.760000
A2MFNDNS1L7D16,5.000000,6.400000,7.875000,8.000000,7.333333
ABFOAYZA2UHD3,5.333333,10.000000,8.421053,0.000000,8.111111
A96K1ZGW56S2I,6.363636,8.000000,7.982609,7.568182,7.783133
A3GA09FYFKL4EY,10.000000,9.333333,8.461538,9.400000,9.212121
A1K31NF81TS0CO,4.000000,9.333333,8.200000,0.000000,7.764706
AKT8TGIT6VVZ5,0.000000,10.000000,9.793103,10.000000,9.000000
A2AVV9LV9UXT6F,8.000000,6.000000,4.000000,7.000000,9.250000
A27CHILBK6HIL2,7.846154,7.142857,7.851852,6.888889,8.142857
AW99SBGWEXP0J,7.894737,7.714286,7.975000,8.444444,8.050000
A11XKY4EIU2KNR,8.842105,0.000000,7.473684,7.714286,6.666667
A2BEU7GPGNIG44,0.000000,10.000000,8.500000,8.000000,8.750000
AGU2ZGUBFCJTJ,6.571429,8.615385,7.200000,7.200000,7.000000
A169I83JL8QJGN,6.666667,0.000000,7.000000,3.000000,7.333333
ACMOLKXVKQ06Z,0.000000,0.000000,8.400000,0.000000,8.307692
A1Q15TP2FXYYMF,10.000000,10.000000,10.000000,10.000000,8.608696
A10L8O1ZMUIMR2,10.000000,10.000000,10.000000,8.909091,8.000000
A2SGR7LE899LGG,9.600000,8.000000,0.000000,6.500000,6.526316
A3SJSNS9LW981O,6.000000,9.500000,8.666667,9.400000,8.869565
A2Q13PHEXGR48Q,8.000000,0.000000,9.454545,8.333333,8.444444
A2OU415LB9I5J6,8.000000,8.000000,7.500000,8.666667,8.666667
A1GPGBHBI6T2HJ,0.000000,8.000000,10.000000,9.166667,8.320000
A3J5V2GMXMOGCI,0.000000,6.000000,10.000000,6.000000,5.777778
AGI3VJ0I04QO7,0.000000,0.000000,0.000000,8.888889,7.944444
A38U2M9OAEJAXJ,8.000000,8.000000,7.375000,8.750000,7.151515
A2EUG9W2IAVCT,6.500000,8.333333,9.000000,7.000000,9.125000
A3NL1KW56O3JR8,0.000000,8.000000,7.333333,10.000000,5.132075
AZSN1TO0JI87B,0.000000,0.000000,9.250000,8.741935,9.777778
A3VQSFORKH8B7O,8.285714,9.846154,9.166667,7.826087,9.324324
A1ZTSOBAPOWT3,9.545455,10.000000,10.000000,9.294118,8.272727
A3AY3EV2MFRFGG,0.000000,6.000000,6.000000,8.666667,7.714286
A1YB29BIDULEYE,8.000000,0.000000,6.750000,8.320000,9.666667
A1J66TA573ZPRX,9.500000,10.000000,0.000000,9.333333,9.935484
ANCOMAI0I7LVG,6.000000,8.228571,8.083624,8.731183,6.379310
A14Q6R4481YFFG,4.000000,8.000000,6.952381,8.250000,7.818182
AVCRD98TH48RN,7.200000,7.111111,8.444444,8.900000,6.545455
A3NLH4A3XP4WA5,0.000000,0.000000,10.000000,8.000000,7.000000
A2GA2SO3YK6CXI,8.000000,0.000000,9.212121,10.000000,10.000000
A2TZKXU6Q0EDNP,5.866667,8.500000,7.777778,6.956522,6.800000
AD7IBJCYSJ9EE,10.000000,10.000000,10.000000,10.000000,10.000000
A109LWN9DUGPDP,10.000000,10.000000,0.000000,8.000000,8.750000
A2NX99GVAX4TRP,6.000000,0.000000,8.000000,8.800000,8.000000
A1EMDSTJDUE6B0,9.200000,10.000000,8.923077,10.000000,8.727273
AKMEY1BSHSDG7,0.000000,0.000000,9.714286,10.000000,10.000000
A3QLAOOTFEHCJI,6.000000,10.000000,9.000000,9.212121,8.538462
A345WVAVMMO6F0,8.333333,0.000000,6.727273,10.000000,5.578947
A2J57EQ9KPGXR9,5.529412,8.000000,7.600000,7.125000,6.000000
A35XFZN4MWNKK4,10.000000,10.000000,0.000000,10.000000,0.000000
A5WMBIOGE8Q6N,0.000000,0.000000,8.769231,10.000000,10.000000
A1LEV4H5ZQ55J2,10.000000,9.200000,9.882353,10.000000,9.405405
A3QH6BEY6RYQR0,8.400000,9.500000,9.750000,9.750000,7.818182
A3ROZK0G84RGMZ,10.000000,10.000000,9.428571,10.000000,9.411765
AAKGTWGAFT1LQ,10.000000,6.888889,10.000000,10.000000,9.857143
A2GB5CG77LGQRB,8.000000,10.000000,7.000000,9.000000,0.000000
AZDVOFC2MTIM5,0.000000,0.000000,8.142857,0.000000,10.000000
A33IZJVCKFKDPU,7.000000,0.000000,8.454545,9.000000,9.600000
A2OCJNB6B46OKP,8.285714,9.111111,8.941176,9.200000,8.086957
A3ATTCCO32ZXET,7.600000,8.000000,9.294118,8.500000,6.666667
A2809U2S14N0K1,0.000000,0.000000,0.000000,4.000000,6.434783
A132ETQPMHQ585,0.000000,0.000000,10.000000,0.000000,10.000000
A35L2E8M7S59MQ,7.666667,9.500000,9.250000,9.187500,6.750000
AAU7CAQIN5BAE,0.000000,2.000000,8.066667,4.000000,7.500000
A1845IJB63D5H7,0.000000,7.600000,9.142857,8.545455,7.000000
A2LW5AL0KQ9P1M,10.000000,6.000000,8.235294,7.428571,0.000000
A1K0UT3GA4QQG5,0.000000,4.000000,7.600000,4.000000,6.533333
A33L7G4E8CID3,5.111111,8.500000,9.111111,9.428571,9.142857
A2GPN2VKS8E77C,0.000000,10.000000,9.030303,8.927536,8.258065
A1G0VFQ9198IUF,0.000000,0.000000,9.789474,0.000000,9.282051
A1IWWRZJOXOSYP,9.333333,6.500000,8.454545,7.333333,8.428571
ACKDSX71VI5HY,0.000000,10.000000,9.250000,10.000000,2.000000
A2LSRBVD2MK3PL,0.000000,0.000000,10.000000,10.000000,9.636364
AF8C86SGYLH81,10.000000,10.000000,6.000000,9.428571,8.500000
A3GKOMCQTTWPUI,0.000000,8.000000,8.071429,6.391304,7.600000
AS28WVBBZ3G99,10.000000,8.000000,7.692308,9.000000,7.714286
A1655SGPPUUCRP,8.000000,10.000000,8.000000,8.285714,9.000000
A2FPDWTD9AENVK,6.000000,6.000000,8.000000,9.304348,9.000000
A2QQHIY23PL7H3,6.000000,8.400000,7.882353,8.000000,7.600000
A1D2C0WDCSHUWZ,6.666667,0.000000,8.363636,8.774194,6.631579
A39NS429FYXAD1,6.000000,6.571429,7.500000,9.555556,8.689655
ACIBQ6BQ6AWEV,0.000000,8.000000,8.352941,9.600000,8.555556
A10X0JN8KTK89H,5.500000,7.333333,7.538462,7.666667,8.000000
A37S3ACL57LN62,0.000000,9.000000,8.769231,10.000000,8.500000
A1RSXP7MB772E3,6.000000,7.600000,8.800000,9.040000,8.411765
A3IXPFN5DU9Z9L,9.500000,6.000000,8.307692,8.000000,10.000000
A1T3O2LILVK0C4,10.000000,7.600000,9.040000,8.628571,10.000000
A2BPDFR58H9575,7.555556,6.000000,7.815385,7.555556,6.714286
A3DWUM6SN3N3NR,0.000000,9.714286,8.000000,10.000000,8.666667
AAECAHBNP1VD2,9.428571,0.000000,8.857143,6.500000,7.371429
A1BE1OKY80FUBH,8.000000,0.000000,0.000000,0.000000,8.153846
ARFCORBCTKX1J,8.000000,8.500000,9.368421,8.782609,8.476190
ATOSQVSOA3D8Q,0.000000,0.000000,10.000000,10.000000,5.714286
AIFXFHO2N9WJB,0.000000,0.000000,8.260870,8.556522,8.000000
A3AUECYM0M0YSX,0.000000,0.000000,8.487805,6.333333,10.000000
A2E3IB2ZHJ7QXJ,0.000000,10.000000,8.550000,8.000000,8.000000
A3KL7NXOAGKD3U,2.857143,0.000000,7.857143,7.600000,7.238095
A2ODBHT4URXVXQ,10.000000,10.000000,9.411765,9.833333,9.615385
A3KEZLJ59C1JVH,6.444444,7.600000,8.390244,7.444444,7.565217
A2M1N8G4W4END8,0.000000,0.000000,9.500000,8.896552,8.000000
A3ENN25NFADE1X,8.000000,0.000000,8.866667,8.000000,7.217391
A1LBAC84TLIGAX,5.333333,9.454545,7.333333,8.769231,7.230769
A153NZD2WZN5S3,6.000000,7.555556,7.714286,6.000000,7.222222
AXOS8IWBXNZGT,0.000000,6.000000,7.733333,8.166667,7.933333
AUTBHG6070SL4,7.888889,7.529412,8.153846,8.181818,7.200000
A1KMG1AIUS00DC,0.000000,0.000000,8.428571,6.210526,6.857143
A3EBHHCZO6V2A4,9.600000,0.000000,7.739130,7.333333,8.083333
A3FVAWZNKW9GX,6.666667,0.000000,9.000000,10.000000,4.666667
A36RS7KTNOBROF,7.600000,0.000000,5.333333,8.000000,8.720000
AE42JLYPXUI45,0.000000,0.000000,10.000000,10.000000,10.000000
A24KZBAAUTC83R,0.000000,0.000000,8.000000,8.285714,7.777778
AW003H7Z3OCHA,0.000000,10.000000,10.000000,10.000000,10.000000
A329U9CDUPKXAC,5.111111,0.000000,7.153846,6.500000,7.694444
A13KXWTN0DT878,0.000000,0.000000,8.000000,8.666667,10.000000
A3P121GNV5QYIN,0.000000,0.000000,8.500000,8.000000,9.157895
A2FTHCGH06O4Y5,5.333333,2.000000,8.714286,2.000000,4.976744
A3TYC8T6W81DDB,8.000000,7.714286,7.428571,7.647059,5.500000
A21XVS00AIENLX,8.000000,8.000000,7.826087,7.600000,7.500000
A35WVFSULRE1G9,6.000000,0.000000,9.466667,8.500000,6.000000
A3LGT6UZL99IW1,0.000000,0.000000,3.142857,7.333333,5.285714
A19OQ7LWE2YJL3,8.000000,7.000000,8.000000,3.800000,6.000000
A1J03J0HZ7KU5T,4.000000,6.000000,10.000000,4.000000,6.840580
A3APW42N5MRVWT,10.000000,8.000000,4.666667,7.000000,8.057143
A281NPSIMI1C2R,0.000000,0.000000,10.000000,9.500000,0.000000
A84UFSF2SZS2W,0.000000,6.000000,8.235294,7.500000,6.000000
A9I40WFF40R4,9.000000,0.000000,9.333333,9.250000,7.142857
A140XH16IKR4B0,8.444444,6.000000,8.125000,8.533333,8.258065
A1OBPHRXHZF8P6,0.000000,0.000000,8.545455,9.333333,7.333333
A27H9DOUGY9FOS,5.000000,7.384615,7.866667,7.866667,8.000000
A3DHQ5WO80X1IZ,8.444444,8.000000,7.058824,8.000000,6.075472
A2ASIT0JYIGHTA,7.058824,0.000000,7.700000,6.888889,6.500000
A3STFVPM8NHJ7B,8.666667,6.000000,8.111111,6.258065,6.235294
A2TXR85WQLE32N,8.000000,9.111111,8.774194,8.148148,7.750000
A1PASRZ81DY9C,8.000000,6.000000,8.533333,8.111111,8.514286
A22TZUXUKA11SQ,5.600000,0.000000,6.631579,6.666667,7.185185
A20ZFWGBY4REFX,10.000000,10.000000,10.000000,9.891892,10.000000
A3R6ST52EBN2FK,6.500000,0.000000,9.076923,9.090909,8.461538
AK6UVFSU07NXH,0.000000,10.000000,10.000000,9.263158,8.000000
A1TEMNM9ZEOLJ6,4.421053,6.000000,8.666667,8.285714,7.355932
A2NYQCLFQRTI74,7.333333,7.200000,4.875000,6.000000,7.142857
AW4MT9WP95TVD,6.470588,8.000000,7.000000,8.190476,5.591837
A1B350OHYHQTGX,0.000000,0.000000,10.000000,8.000000,8.666667
AO4J90YPX5RU6,5.500000,7.000000,8.285714,8.117647,8.173913
A16QODENBJVUI1,8.880000,8.000000,8.617284,9.692308,8.090909
A319SKSB556033,6.400000,7.636364,7.900000,7.260870,7.428571
A3S98L5B1SR9P1,8.850000,10.000000,9.250000,9.735849,8.708861
A32XK1ZCXM66OT,0.000000,0.000000,9.000000,8.000000,9.666667
A1ST1XBL6EQTBV,9.000000,0.000000,8.444444,9.500000,8.800000
A2LAA9SCENXLKN,8.000000,0.000000,4.250000,9.600000,7.333333
A27CFNHYZG6WS8,6.000000,0.000000,9.000000,8.750000,8.000000
A16FUU8WW76QFY,2.000000,0.000000,6.769231,6.000000,6.370370
A32JKNQ6BABMQ2,6.000000,8.600000,8.060606,6.740741,7.055556
A3VIOCJZ22JZXT,0.000000,8.333333,8.580645,9.314286,7.500000
A2XVRCU5DQBULH,8.000000,0.000000,9.538462,8.222222,8.444444
AIMR915K4YCN,10.000000,10.000000,9.644444,9.621622,9.535714
A3LOBF0ZU1HE0S,8.000000,0.000000,0.000000,7.230769,8.352941
A32DTCFBBB9WIV,10.000000,0.000000,0.000000,6.000000,3.444444
A3UCNXHX2PB3KQ,0.000000,0.000000,10.000000,10.000000,8.666667
A1TPW86OHXTXFC,7.333333,9.000000,9.266667,8.560000,6.888889
AILBDL6ATVDCJ,7.333333,10.000000,9.913043,9.875000,8.260870
A2AK7ZFKW08HID,10.000000,0.000000,10.000000,8.500000,9.307692
A1OGPR0AKZ4K7D,10.000000,10.000000,8.333333,0.000000,10.000000
A34ZAYTNP67S83,0.000000,0.000000,9.000000,8.000000,7.428571
A3KUUII2GSHN7T,6.857143,8.000000,7.750000,9.428571,7.833333
A18OUQEK7IZ2F2,10.000000,0.000000,6.571429,8.444444,8.823529
A4F8CJ1L4348V,0.000000,0.000000,9.777778,9.368421,9.222222
A2WX1UESDOLXRE,0.000000,9.714286,7.875000,6.285714,8.500000
A34D06JL7LC6MU,9.181818,9.833333,9.458333,9.263158,9.904762
A3SFO2GSP5CVSM,8.000000,7.037037,6.500000,8.000000,5.818182
A243HY69GIAHFI,0.000000,6.400000,0.000000,0.000000,10.000000
A2I7ZAB04Q0DML,0.000000,8.285714,10.000000,10.000000,8.666667
A18M68DE1Y6W51,0.000000,0.000000,8.600000,8.000000,9.625000
A2QHM5HBSIXRL4,8.600000,10.000000,9.000000,9.000000,8.205128
A1ADG449ZNEO6Y,5.466667,0.000000,8.000000,0.000000,7.181818
A2ATWKOFJXRRR1,6.571429,6.363636,7.052632,7.090909,7.677419
A28OB1QLXN5BM6,7.000000,10.000000,8.800000,8.300000,6.571429
A2R4XG0L7Z01V8,6.600000,7.666667,6.522388,6.666667,6.285714
A3D2VIUT2HWP0Z,10.000000,10.000000,10.000000,9.882353,9.014925
AWJOVW1BZZ34H,6.363636,0.000000,8.500000,4.800000,6.000000
AY46DEOJJYFTW,4.000000,0.000000,9.000000,10.000000,9.555556
A2F3M93RRLFQNJ,0.000000,10.000000,8.000000,5.600000,6.965517
A2PN7Z2VTHICL8,0.000000,10.000000,9.071429,8.583333,8.000000
A32B206L2SEXRA,10.000000,0.000000,9.200000,9.428571,0.000000
APRZ2IVM8JTLV,0.000000,7.000000,6.000000,8.000000,4.600000
A1C2P5HX5RLPAX,8.000000,10.000000,8.625000,8.625000,8.000000
A2TAPSNKK9AFSQ,10.000000,0.000000,10.000000,10.000000,10.000000
A2W3HLHIA9UP4D,6.666667,6.000000,7.666667,6.666667,7.000000
AYSIGFYKISNHB,0.000000,0.000000,10.000000,9.333333,7.333333
A461VTLW9G9YB,3.600000,0.000000,8.571429,10.000000,5.631579
AQZH7YTWQPOBE,7.125000,9.363636,8.000000,8.434783,7.400000
A2D9IEFJGB483Q,0.000000,0.000000,8.250000,8.000000,6.727273
A37ZOGOK3GKF2P,8.800000,0.000000,7.714286,8.769231,8.400000
A2YAABMT80RLYA,0.000000,6.000000,6.444444,8.333333,0.000000
A28B7IJR80M8KE,9.263158,8.000000,9.000000,8.800000,7.183673
AYQF4Z1EQDACU,8.666667,10.000000,9.500000,8.250000,7.840000
A228JH8V9Y700G,6.000000,0.000000,7.333333,8.428571,7.500000
A3QZCA4LTTVGAD,10.000000,9.764706,8.923077,9.142857,8.000000
A20JYIHL1W1U54,8.000000,8.888889,8.800000,0.000000,9.333333
A3DGVB3T5QJNRE,2.000000,2.000000,6.000000,6.615385,6.285714
AOVJYIUATQKR5,8.400000,0.000000,9.363636,10.000000,8.148148
ACMAUJEBY6GJF,3.428571,4.000000,6.761905,6.500000,5.241379
A3LZGLA88K0LA0,8.250000,9.285714,8.652174,8.601942,8.102564
ATHTCOG6BB6WK,10.000000,0.000000,9.600000,0.000000,10.000000
A15U64VGUV6RBF,10.000000,0.000000,8.500000,8.000000,8.848485
AZ5250G2U795I,8.000000,0.000000,8.428571,0.000000,7.500000
AATKF0HDBQL86,0.000000,0.000000,9.600000,10.000000,8.538462
A2UKC6QFG9L5GV,9.090909,0.000000,8.200000,8.918919,9.555556
AWG2O9C42XW5G,9.555556,9.333333,9.909091,10.000000,9.530120
A3MV1KKHX51FYT,6.615385,6.238095,5.733333,6.230769,6.055556
A37B3O457INKEA,0.000000,10.000000,10.000000,10.000000,10.000000
AK0CENM3LUM28,0.000000,0.000000,6.551724,6.000000,4.000000
A3V6Z4RCDGRC44,10.000000,0.000000,9.688889,9.657143,10.000000
AT7W1EXT0PF2Y,0.000000,0.000000,6.875000,10.000000,6.000000
A1A535W556ROBQ,4.000000,8.000000,8.240000,8.461538,6.480000
A7Y6AVS576M03,0.000000,10.000000,9.703704,8.095238,8.000000
A13E0ARAXI6KJW,8.000000,7.625000,7.711538,8.596491,9.272727
A928WN8NV03WZ,0.000000,0.000000,8.200000,7.818182,8.111111
A3AEYDNYCWH2IZ,10.000000,0.000000,10.000000,8.333333,7.666667
A2ICW5OUWX2A2V,7.600000,0.000000,5.111111,9.000000,8.000000
A1GB0HW46Y2EB,6.000000,8.545455,8.000000,0.000000,6.814815
AK81WLVD5KGUX,0.000000,10.000000,9.384615,10.000000,9.483871
A2RW7HXNEJ0QTQ,10.000000,0.000000,10.000000,0.000000,7.925926
A2H1WNB30JNAWU,9.000000,0.000000,9.600000,8.260870,0.000000
A3VV4GUGLUVUP1,6.000000,0.000000,9.000000,8.148148,4.000000
A1G5LJ8T1IGYC5,0.000000,0.000000,0.000000,0.000000,8.066667
A29Y34ALWJUGB5,0.000000,9.000000,6.333333,8.090909,9.000000
A15Q9YEG1XPEJN,6.000000,6.000000,6.600000,6.500000,4.000000
AV1KYJXHOWPMD,10.000000,0.000000,7.714286,8.600000,8.121212
AFLQGO7CJVK50,0.000000,10.000000,0.000000,10.000000,10.000000
A28GCEHD00JFZG,10.000000,7.500000,7.238095,7.400000,5.090909
A20TJ5P97W5MS1,10.000000,0.000000,10.000000,10.000000,10.000000
A2ZHH7AK83JB5G,10.000000,0.000000,7.500000,9.333333,10.000000
ANGH6401L9Y0T,8.000000,7.000000,8.655172,8.777778,8.303030
A31RM5QU797HPJ,8.000000,0.000000,6.714286,0.000000,8.171429
A2VP7JOT3K7PFM,10.000000,8.000000,10.000000,10.000000,8.727273
A34KBK8ORA5GRV,0.000000,0.000000,0.000000,0.000000,10.000000
A2GPEV42IO41CI,8.666667,6.000000,8.666667,8.551724,8.750000
A1CIW2OEVAJRM2,0.000000,0.000000,9.200000,7.641026,0.000000
A1BJJVV2B5VLUQ,10.000000,9.000000,6.153846,9.200000,8.545455
A1OS2HX2CWQIC7,8.000000,8.000000,8.000000,8.714286,5.090909
AR2DE47VCY1C8,10.000000,0.000000,8.000000,10.000000,10.000000
A1534MBU6VJXYN,10.000000,10.000000,10.000000,9.272727,10.000000
A3R90OGE1EACZE,4.000000,0.000000,9.733333,0.000000,10.000000
A355WMP0CQBJFX,8.000000,0.000000,8.142857,8.838710,8.620690
A3AKPY4LXIC24O,10.000000,0.000000,9.111111,9.571429,9.714286
A38I00SO3D9ZSM,6.750000,8.000000,8.000000,6.000000,6.636364
A3L2U581LL17EB,0.000000,0.000000,6.666667,7.371429,0.000000
A3D6KZT0QG6UKB,6.000000,6.000000,7.666667,6.222222,6.625000
AUEHG0DB54B7K,0.000000,8.000000,10.000000,9.888889,9.882353
A1K3NQAO49LXL2,5.333333,0.000000,10.000000,7.333333,7.800000
A1GGOC9PVDXW7Z,9.666667,10.000000,9.405405,8.750000,8.523810
A1XX5797TIZT5Q,0.000000,8.400000,8.857143,7.250000,8.333333
A1QFQ9SQZVGUK4,2.000000,0.000000,4.000000,8.615385,5.928571
A2UUP58XPQW3GF,0.000000,8.000000,7.714286,8.235294,8.000000
AK1OBVI54SY73,0.000000,7.500000,5.846154,6.142857,6.222222
A391YPR0NFTCLK,10.000000,10.000000,9.384615,8.363636,8.894737
AR1T36GLLAFFX,5.000000,0.000000,8.000000,8.000000,8.333333
A1FNES0QEBJZD1,0.000000,0.000000,9.230769,10.000000,8.871795
A155KXFRZCA7C,6.200000,0.000000,8.142857,8.200000,6.923077
A1G9FX1KV45N41,0.000000,0.000000,10.000000,8.500000,8.705882
A38UHOCEKSUOSP,9.833333,4.000000,8.615385,9.121951,8.230769
A2198FZZMTJ38H,0.000000,8.000000,9.166667,8.552632,4.857143
A1MJMYLRTZ76ZX,10.000000,9.360000,8.080000,8.500000,8.071429
A1IO3LVYV5ZMK8,0.000000,7.200000,8.428571,9.200000,8.000000
A1VJ7HYM1EC94M,7.000000,4.857143,8.615385,9.166667,8.400000
A3OMPSEVL59ZDK,3.428571,10.000000,4.461538,8.000000,6.250000
A2SNUORW55MZWO,0.000000,0.000000,9.333333,9.571429,6.333333
A1DZKOOMMJM1MI,7.230769,0.000000,8.400000,7.687500,9.166667
A2FEGRJQNU51P9,0.000000,9.333333,8.937500,10.000000,8.000000
AQ990HW13DP08,0.000000,7.333333,8.294118,9.750000,8.000000
ALG7QH2L5JL2L,10.000000,0.000000,7.600000,8.000000,8.857143
A175GIISFGGO31,0.000000,8.000000,9.000000,8.400000,9.058824
A2BZWG2LTJZGBQ,8.400000,0.000000,8.250000,8.857143,9.333333
A1HG2DOSBZEX4I,6.000000,8.000000,7.818182,6.400000,8.272727
APBB297H3ZA5E,6.200000,0.000000,3.200000,0.000000,7.523810
A1U6B2LDK3BUVU,4.000000,9.666667,7.333333,8.400000,6.363636
A1PL8JA0TEHBVN,6.000000,10.000000,8.324324,9.384615,7.714286
A19JYLHD94K94D,10.000000,0.000000,7.733333,10.000000,6.500000
A3H9JSM1SUTE4O,4.250000,8.000000,8.761905,8.222222,6.317460
A3VLX5Z090RQ0V,4.000000,6.000000,7.047619,7.600000,6.000000
A1N0LCPR7O7OLL,0.000000,6.000000,9.000000,6.769231,7.333333
A2VD3CYOEMJ6SR,0.000000,8.000000,7.428571,7.500000,10.000000
AP3B615GM191G,10.000000,8.142857,8.425532,8.133333,7.644444
A1HO9J4DCQDGP9,8.000000,0.000000,9.272727,10.000000,8.222222
A1VTV7GXWSGJ3E,0.000000,10.000000,9.555556,8.000000,7.833333
A22VNXHU6IZ5MT,10.000000,0.000000,8.285714,10.000000,10.000000
ALWB64XOXNMDP,0.000000,0.000000,10.000000,10.000000,9.750000
A20DZX38KRBIT8,2.000000,8.500000,7.333333,9.411765,7.206897
A2GMUNBN9HKRZS,0.000000,8.666667,6.000000,6.000000,7.384615
A1VCPMT1RRS7K0,9.333333,0.000000,8.000000,6.750000,7.818182
A2UW83R0JOZZ6,2.000000,4.000000,7.333333,9.111111,0.000000
A33TBHM3O9AY17,0.000000,6.000000,6.285714,7.125000,7.066667
A1RJXK6KF3LL5R,0.000000,0.000000,10.000000,0.000000,8.545455
A23QOAXJSWIBS6,9.333333,0.000000,6.000000,7.166667,6.842105
A17FLA8HQOFVIG,9.333333,8.444444,8.571429,8.461538,7.111111
A25HYPL2XKQPZB,8.666667,9.142857,7.448276,6.080000,5.571429
AB2AQMK9PCWWX,0.000000,8.545455,6.666667,5.846154,7.400000
A2G6GO4O7EVCPF,3.400000,0.000000,5.818182,5.333333,4.250000
A3M1NNDD95HR0R,10.000000,0.000000,10.000000,10.000000,9.000000
AQBRMBQ99ESI7,8.000000,0.000000,8.857143,6.666667,8.230769
A31U2QT7SAL7K,6.857143,8.222222,8.562500,6.714286,8.857143
A258MSMKY2710V,10.000000,0.000000,10.000000,0.000000,7.306122
A3F9VH8916IA40,0.000000,0.000000,5.714286,7.733333,7.142857
A1EI65WJC85U68,0.000000,6.000000,8.700000,6.000000,6.500000
A15G70V9OBTOVO,6.800000,10.000000,2.000000,6.000000,6.947368
A26O0T192IBKY1,0.000000,0.000000,9.333333,10.000000,6.000000
AQ0EO10KTRJ4V,5.142857,10.000000,6.200000,5.076923,6.133333
A1G69BQLIUMWPN,5.000000,0.000000,8.461538,8.000000,6.800000
AUM3YMZ0YRJE0,6.363636,8.333333,8.000000,8.618182,7.763158
A284WUQS94AQ7A,0.000000,0.000000,6.666667,8.428571,9.285714
A1XJOSJN6FHFO0,0.000000,0.000000,8.941176,9.846154,9.076923
A1C7BWPATO40VA,8.000000,0.000000,8.400000,4.666667,6.000000
A41I67QYRAOSQ,10.000000,0.000000,10.000000,10.000000,8.375000
A1A69DJ2KPU4CH,0.000000,10.000000,9.272727,4.500000,4.666667
A2Q5Y2EMS6KDWI,10.000000,0.000000,10.000000,10.000000,10.000000
A1KZQ5DIX0YUE1,0.000000,8.000000,10.000000,10.000000,9.900000
A2FS38D943KX12,9.333333,0.000000,8.000000,8.222222,6.250000
ANP3R2R4V4GAN,8.000000,0.000000,6.000000,8.000000,6.941176
A2ZGVH5DNCK8I4,0.000000,10.000000,9.470588,10.000000,10.000000
A20568D9GRC08W,0.000000,0.000000,8.666667,9.777778,9.600000
A2ZHSORK1HHYTT,2.000000,2.000000,8.400000,0.000000,7.846154
A3TNM3C9ENUCFW,0.000000,6.666667,6.857143,6.923077,7.055556
A3QNQQKJTL76H0,10.000000,0.000000,8.250000,8.428571,5.333333
A3AVJCB1ZD6ZY5,8.000000,8.000000,8.218182,9.230769,7.531915
A2UNMXBJSVIXFB,10.000000,9.428571,9.840000,9.818182,8.000000
AB1UMC7SB9D7Z,0.000000,8.000000,6.842105,9.666667,8.000000
A2U80IPZXN5V1U,8.500000,8.000000,8.000000,9.333333,6.000000
A2CK0VXUDVXGMN,4.000000,6.000000,6.000000,8.400000,6.000000
A3RMAWK4ELOLRZ,8.000000,10.000000,8.857143,0.000000,9.066667
A2G8IR6ENZSQHF,7.714286,9.142857,7.500000,10.000000,5.333333
A35AMPDFAB8JLT,10.000000,0.000000,9.000000,7.555556,9.000000
A36EW68H08UOCS,10.000000,7.333333,9.384615,9.500000,8.090909
A3GQKB1KF0CRPE,8.000000,10.000000,8.352941,7.428571,8.615385
A2TV6SBCWT7P8S,10.000000,0.000000,10.000000,10.000000,9.200000
AESY8NCX6VS6O,0.000000,8.000000,8.000000,6.307692,8.000000
A25PM9JGHPU8EI,0.000000,4.000000,8.888889,8.000000,6.893617
AE9GUE3HHOX3U,3.000000,8.857143,8.125000,8.133333,6.869565
AG0TA24LI0XV7,6.000000,8.000000,10.000000,6.315789,8.000000
A5AIEA4LXWJH3,10.000000,0.000000,0.000000,6.000000,8.148148
A2B7BUH8834Y6M,0.000000,0.000000,8.480000,7.916667,8.400000
A3A48XEYWLWH7T,8.000000,8.000000,7.200000,7.428571,8.000000
A3LXKO2S6G2DBI,6.000000,8.307692,8.000000,8.727273,6.600000
A2PV6GK1HV54Y9,6.173913,8.142857,8.222222,7.128205,6.107527
A3M2WW0PO34B94,6.600000,6.500000,7.053571,7.411765,6.250000
A3JXOXKWOIETIY,4.000000,10.000000,7.000000,8.800000,8.400000
A1KIQ4P4ZW3ALF,6.000000,2.000000,2.500000,7.428571,4.181818
A2F8R40Z2OMIJM,10.000000,10.000000,8.181818,0.000000,10.000000
A1JKFUUCZRA3Z4,9.000000,0.000000,8.363636,6.000000,8.000000
A10DB0H2NZF11E,9.333333,8.666667,9.750000,10.000000,7.500000
AL277B4AQCWBG,8.347826,6.000000,6.344828,5.000000,5.652174
A26A64X86VL1R4,6.500000,0.000000,7.789474,9.142857,5.555556
A2NX5UZ6WEZF0R,0.000000,0.000000,10.000000,8.666667,9.500000
A2PBV1899CX3TE,10.000000,9.000000,9.160000,8.875000,8.000000
A3B87UZLPCF0HW,8.800000,0.000000,8.631579,8.571429,9.360000
A319Y83RT0MRVR,8.000000,7.000000,8.857143,6.000000,7.294118
A1IANEBSMVGHS9,8.000000,0.000000,9.352941,6.800000,9.250000
A1A87TUBBDPMF0,10.000000,10.000000,10.000000,8.689655,8.666667
A18758S1PUYIDT,6.000000,8.333333,8.540541,8.000000,6.787879
A2XQ48481DIO80,10.000000,0.000000,10.000000,8.000000,7.000000
A2B73CL3QSYWLB,8.923077,10.000000,9.200000,8.812500,8.770833
AMIOLJHCQHGBE,0.000000,10.000000,10.000000,9.142857,7.200000
AFJFXN42RZ3G2,8.000000,0.000000,9.764706,8.888889,8.545455
A3CIH3P8UDB6GR,6.000000,0.000000,7.473684,0.000000,7.714286
AZQ7O73EAS3VI,0.000000,0.000000,10.000000,6.000000,9.333333
A29IPLCBZ3LIGX,0.000000,0.000000,0.000000,0.000000,9.400000
A2OFSDJB3MVQ16,8.000000,9.714286,9.368421,8.486486,8.580645
A1FZA9C5MVIWHE,10.000000,0.000000,10.000000,10.000000,9.657143
A2D7NX9ZYBJZ13,0.000000,0.000000,10.000000,0.000000,10.000000
A35ZK3M8L9JUPX,9.230769,9.913043,9.754386,9.910448,9.697917
A35YWA2V4QHOJ3,7.000000,7.333333,9.318182,8.000000,8.162162
A387BD735MI50R,8.000000,8.000000,6.782609,7.058824,5.894737
A11C43I615R52G,10.000000,0.000000,10.000000,10.000000,5.428571
A2HII4U9WQ0XUV,5.000000,8.250000,7.310345,7.733333,9.111111
A1WUMTJOASEL5F,8.800000,0.000000,9.500000,7.500000,8.400000
A3KF4IP2MUS8QQ,8.875000,8.333333,8.635294,8.830769,8.416667
A12IDQSS4OW33B,6.000000,7.142857,9.500000,8.000000,9.391304
AFMUUJT7J32LN,0.000000,10.000000,0.000000,6.000000,10.000000
A2YXMN40D7WTGP,0.000000,6.000000,2.000000,7.200000,6.181818
A30LMTLC9XVWKJ,0.000000,0.000000,8.714286,6.200000,5.142857
A356TJCTCLDN89,4.666667,0.000000,6.111111,8.666667,5.666667
A2IY9M330NKBW6,8.000000,0.000000,8.000000,8.000000,6.000000
A34HYQ9BQZPE78,0.000000,0.000000,0.000000,10.000000,10.000000
A1CLHLW9PFKG9Q,6.000000,0.000000,6.500000,7.000000,6.941176
A1JJOV69MAU2J2,6.400000,8.000000,8.333333,0.000000,8.111111
A13RM1AWD1C5ZR,8.000000,0.000000,8.000000,7.250000,6.000000
A3W13VVBRY5GL7,7.000000,3.250000,7.000000,7.333333,5.000000
A38ZTUNQJVGP6S,8.000000,0.000000,9.333333,10.000000,9.000000
A2U0DKQPZSD50Y,0.000000,0.000000,9.500000,10.000000,8.500000
A2JXAQ92WYPAAR,0.000000,0.000000,8.000000,10.000000,6.666667
A2INL3AYAT6325,6.000000,0.000000,8.000000,0.000000,8.711111
A2RDR5G65D9H84,8.333333,8.000000,8.785714,8.400000,6.909091
A26IVJJTXOE85B,10.000000,10.000000,9.444444,6.666667,5.600000
A2IZIYYCEGOMEU,9.400000,9.500000,9.600000,9.909091,9.030303
A1GB1Q193DNFGR,10.000000,7.818182,10.000000,8.888889,10.000000
A13H7Q4JVK6DTV,10.000000,0.000000,9.666667,7.428571,9.176471
A294DWRBQUOIK4,0.000000,0.000000,10.000000,10.000000,0.000000
A1Z1NQJUJQ5CRO,0.000000,0.000000,6.629630,8.181818,6.482759
A1EOLRV216BXJ9,7.333333,8.000000,9.090909,0.000000,8.736842
A29SJTG21BVWF4,7.000000,0.000000,7.565217,7.500000,7.935484
A8DI0COTCMRDV,0.000000,0.000000,8.857143,9.034483,9.000000
A38QEATH3NODFM,7.428571,9.000000,6.375000,6.000000,8.250000
A16YCLRKOU0EV3,10.000000,0.000000,8.400000,0.000000,9.739130
AEGR40GALMDJ4,9.714286,10.000000,8.571429,9.666667,8.933333
A3GKPMHV4U64IY,8.000000,0.000000,7.714286,8.071429,6.954545
A1EARN5PUVIF1S,9.000000,0.000000,6.363636,6.500000,6.000000
A220FJEQNGMSRN,6.142857,7.904762,7.846154,6.076923,6.875000
A100JCBNALJFAW,6.285714,0.000000,9.500000,7.142857,8.000000
ATE5SA1VTJNP8,4.000000,10.000000,9.333333,8.000000,9.750000
A356HRZZFCEGL1,0.000000,6.000000,8.111111,8.000000,0.000000
AM2PV53UX1JEQ,8.000000,8.800000,7.692308,8.800000,8.521739
A5QE86H97FDJA,4.000000,0.000000,10.000000,0.000000,2.947368
AL4MKKO24563R,6.000000,8.000000,10.000000,9.238095,9.090909
A2KWQ64TRHB3YH,6.000000,10.000000,9.333333,9.666667,9.111111
A1KFBAPAKMEQUF,0.000000,0.000000,9.111111,8.666667,8.461538
A8M4WE1MT4R4O,6.000000,0.000000,6.800000,0.000000,7.363636
A1UOTG037037XY,0.000000,0.000000,9.000000,10.000000,8.000000
A3P1508PZ0UADD,9.333333,0.000000,8.000000,10.000000,8.914286
A2VJ80PM1G00QV,8.000000,10.000000,8.000000,8.888889,8.555556
A29R4FCO6RFX4K,9.043478,9.571429,10.000000,8.846154,8.237624
A1VQBHHXIKHIGS,6.421053,0.000000,7.083333,8.000000,7.066667
A5X1B2HBQUR3P,0.000000,10.000000,9.636364,9.333333,8.750000
A24F1UX8ZT5IXY,0.000000,6.000000,8.000000,9.333333,4.933333
A30IP5D5DLHRPA,0.000000,7.833333,8.800000,8.000000,10.000000
ASEBX8TBYWQWA,0.000000,0.000000,9.692308,8.000000,8.500000
A2B8GXSCB1R05T,10.000000,8.000000,10.000000,0.000000,10.000000
A82R4WKX62LEK,0.000000,0.000000,10.000000,0.000000,7.333333
A2H22I2RWE0HOV,6.833333,0.000000,9.052632,8.000000,9.272727
A2I6MHMAZZDCRX,6.769231,6.333333,8.137931,7.800000,6.666667
A2NUHWMHA9XNKV,9.250000,0.000000,8.585366,9.130435,8.195652
A3EE0H0NWQ9QVL,7.000000,8.800000,8.064516,8.533333,8.235294
A18GP1PWVTKXQQ,2.000000,4.666667,4.720000,4.380952,5.600000
AJKWF4W7QD4NS,8.000000,9.600000,8.040000,7.726496,7.797619
A1KT1GWCW8F80,0.000000,7.000000,10.000000,9.428571,7.481481
A2MG8DHACXH5MS,7.333333,10.000000,9.027027,10.000000,9.703704
A1LZVU5SRRM3VX,9.500000,7.333333,5.428571,8.333333,8.000000
A1C58YXM2A30CY,10.000000,10.000000,8.524590,8.300000,8.344828
A6VXZ1EEPRTLV,6.000000,6.333333,7.692308,7.851852,7.583333
A1TMAVN4CEM8U8,10.000000,10.000000,9.636364,10.000000,8.634921
A18HHKM6WGEF9D,0.000000,8.666667,9.090909,0.000000,8.000000
ATU6AN7OFVO0M,8.000000,4.000000,8.500000,7.333333,6.615385
AMP7TQRWAIE84,9.000000,0.000000,8.181818,9.000000,6.000000
A1129LM24YWSZV,6.000000,0.000000,8.511628,8.000000,6.833333
A14Z0Q1DU6CBJJ,4.888889,7.333333,6.285714,7.809524,6.280000
A2C5VLIJMDPWHI,5.500000,0.000000,8.000000,9.250000,7.875000
A1V3PCKVCJ3TTZ,0.000000,0.000000,9.142857,0.000000,10.000000
AY6A8KPYCE6B0,0.000000,9.555556,10.000000,0.000000,9.625000
A2ULSA0IRUE09E,0.000000,4.000000,7.238095,5.500000,5.857143
A2CT2SA6KFE8GC,0.000000,0.000000,8.363636,8.000000,4.625000
A1TJIJKKN15KR9,7.200000,4.750000,6.518519,7.571429,7.760000
A3MQ672FYFNM7B,0.000000,0.000000,9.538462,10.000000,10.000000
A31ARSC1LGY8WK,6.000000,8.333333,7.000000,9.090909,7.571429
A8X8D4BUY5DFU,0.000000,8.000000,8.400000,8.000000,9.583333
A1U360OMVQRPUB,10.000000,0.000000,8.153846,8.100000,8.571429
A3MCC5MAJYJYMD,6.000000,0.000000,5.272727,6.842105,7.368421
A2Z9XBCYT3AHHU,9.333333,0.000000,10.000000,8.000000,8.153846
A3DY46ZABF4CMQ,8.285714,8.800000,8.792453,7.428571,8.736842
A2KW2KWKABNYNO,10.000000,7.000000,8.666667,6.200000,6.000000
AOPQ0KA1B7BFD,0.000000,0.000000,10.000000,0.000000,9.555556
A1Z2ZN39LL07GI,8.000000,8.000000,10.000000,0.000000,8.720000
A3R8PXSFGY9MC2,8.500000,8.666667,8.368421,9.130435,7.964912
AN8M401S8Y6DA,8.000000,0.000000,9.777778,8.666667,8.705882
A3CL82UITQJLWS,2.000000,10.000000,6.000000,10.000000,5.542857
A2BQBLCKJHP65G,10.000000,0.000000,7.600000,4.666667,4.133333
A16KRCLLTHSB5F,0.000000,0.000000,8.000000,10.000000,8.400000
A3N3SN2DDD4HCJ,0.000000,7.000000,8.000000,9.500000,9.500000
AVQJD41PLPOOQ,0.000000,6.000000,9.142857,10.000000,7.000000
A2ZLROGIL2V7GV,0.000000,9.000000,9.500000,9.181818,8.571429
A3RNC9BGR4J1ZF,0.000000,0.000000,10.000000,0.000000,10.000000
A2XMBWQL0LGNJD,0.000000,0.000000,8.000000,8.000000,8.000000
A1BJOEQSRX2IBM,9.500000,10.000000,10.000000,9.714286,10.000000
A24ZFFRQ4MG3XL,8.000000,0.000000,7.756098,8.000000,9.000000
APIW11UEPKIC2,8.923077,10.000000,8.333333,8.000000,8.153846
A20EEWWSFMZ1PN,9.846154,10.000000,8.166667,8.833333,8.000000
A3USRUCHAOC3MT,0.000000,10.000000,10.000000,9.875000,9.833333
A3F2JUHM6C9RZ9,0.000000,10.000000,0.000000,5.333333,8.500000
A27PSZX2SE0B51,10.000000,8.800000,8.695652,8.137931,10.000000
A26BWRBPP4V2WF,7.111111,10.000000,8.050000,7.142857,6.800000
A1AYN3IIUNQCIA,10.000000,0.000000,9.877551,9.764706,10.000000
A1S8AJIUIO6M9K,0.000000,0.000000,9.529412,10.000000,10.000000
A1CDZNPO7U4E6N,10.000000,8.000000,8.090909,7.200000,8.000000
A33PNAQ33DGBJG,0.000000,6.000000,9.000000,8.769231,6.428571
A2WP0GOTX13MG4,5.846154,8.000000,7.142857,6.000000,7.846154
A3C6CZC2JP67VK,8.750000,7.862069,8.057143,7.800000,6.769231
AOYTQFRLD8VLP,0.000000,0.000000,9.047619,8.833333,8.000000
A3KKM0T1KY42HA,7.600000,7.750000,7.133333,7.648352,6.703704
A146H6A41B26QT,0.000000,10.000000,7.066667,9.000000,7.833333
A2FWEZ0QS8N7A7,8.000000,10.000000,7.625000,9.000000,6.285714
ACEA95FQS1AVP,10.000000,0.000000,7.000000,7.090909,8.454545
A3ICHEO78NFE4Y,2.000000,0.000000,6.615385,3.600000,6.127660
AQ8DU6XVA3USJ,0.000000,10.000000,8.909091,8.000000,9.857143
AJMU8VVFKMZI4,8.000000,8.428571,7.476923,8.090909,7.444444
AT07UZQQR7ZEH,8.000000,10.000000,9.840000,8.956522,0.000000
AMKZHBOK7VMQR,7.666667,8.000000,9.250000,10.000000,8.500000
A2PIX2K56IZZYX,0.000000,0.000000,5.529412,7.818182,8.666667
A2QH5NMHW1KTJ1,10.000000,0.000000,10.000000,10.000000,7.538462
A16Q1LYIDE2WDZ,8.400000,0.000000,5.333333,8.250000,2.000000
AK2AQIULQDFS5,10.000000,0.000000,10.000000,10.000000,9.575758
A1N8K1X0OLLADY,6.000000,0.000000,2.000000,8.000000,3.875000
A2JHHYYOOO4DS6,9.000000,10.000000,8.666667,10.000000,8.562500
A1EFS5PV3HOFDI,0.000000,0.000000,9.090909,4.000000,9.066667
A13IKSGDYNBNQS,8.285714,0.000000,8.740741,8.512821,8.220183
A3NKFB39AIEN8W,0.000000,0.000000,10.000000,6.000000,9.263158
A29QA79VLQGHY6,8.000000,8.285714,7.575758,8.888889,8.482759
A239PPUVV8O0U0,8.000000,10.000000,9.391304,9.500000,8.454545
A36AH31X84FIC8,4.000000,0.000000,10.000000,9.428571,8.769231
A319YRDK8Y39N,8.000000,8.000000,10.000000,8.000000,7.750000
A2HJZ2KN9YA9L2,0.000000,2.000000,9.866667,4.000000,8.967742
A3FEQXNCFC68KC,7.200000,0.000000,9.000000,7.888889,7.600000
A106016KSI0YQ,6.000000,0.000000,5.625000,6.750000,7.000000
A3OEECMCM2T4KQ,10.000000,9.000000,9.217391,8.166667,8.857143
A2D0PJFW2VY8G,0.000000,8.000000,7.052632,8.181818,7.000000
A1KDGSZEJXSE9S,4.000000,10.000000,8.333333,7.600000,8.000000
A1LSDDSM4PGOU5,10.000000,8.000000,9.000000,6.583333,8.052632
A1TWTULVD6F22O,8.500000,8.000000,9.040000,9.103448,7.647059
A3EISFBTLEQC69,0.000000,10.000000,10.000000,0.000000,9.076923
A1JVSIWDF0WT22,4.000000,0.000000,6.705882,6.000000,7.959184
A1NSMQIF1C2VCE,7.000000,7.600000,7.904762,6.600000,6.894737
A9LNWA25IM2DX,8.000000,8.000000,7.230769,10.000000,6.714286
A3OH101U0CPUC7,0.000000,10.000000,7.666667,7.000000,10.000000
A3NM0RAYSL6PA8,6.434783,6.000000,6.820513,7.272727,6.450000
A2EBLL2OYEQJN9,9.666667,9.200000,9.333333,0.000000,7.875000
A1E11HKN4IRY09,5.500000,8.000000,6.000000,4.500000,6.117647
A3BJDFGSLXFB36,0.000000,0.000000,7.428571,8.916667,4.800000
A12IRGQLFE4EBA,8.000000,9.142857,6.000000,4.000000,8.631579
A2NBOL825B93OM,10.000000,7.833333,8.533333,8.750000,9.400000
A15Q7ABIU9O9YZ,0.000000,8.666667,9.500000,5.428571,8.142857
A2RH7ARWQSUVQV,8.000000,0.000000,9.703704,0.000000,8.160000
A5UMUVEV1RUS9,4.800000,0.000000,9.333333,8.800000,8.000000
A3TD7B0CT1NHO4,10.000000,8.000000,0.000000,0.000000,10.000000
A1POFVVXUZR3IQ,0.000000,0.000000,9.076923,9.363636,9.400000
A16CZRQL23NOIW,8.545455,8.100000,9.012048,9.661972,9.053435
AV6QDP8Q0ONK4,8.800000,10.000000,9.000000,7.636364,8.125000
A3GKMQFL05Z79K,10.000000,0.000000,8.956522,9.692308,9.083333
A3O536E2YOKK4Y,0.000000,6.800000,8.750000,9.179487,7.037037
AMNNPDX9MFEUD,8.666667,7.142857,8.307692,8.000000,7.428571
A2SRZQU1SZG4RR,0.000000,0.000000,9.857143,9.000000,10.000000
A356RFKNIG043B,8.750000,8.000000,8.533333,7.714286,6.947368
A1RP6YCOS5VJ5I,8.666667,8.400000,9.400000,9.040000,9.560976
A1ZOF747O5EB6R,7.500000,10.000000,8.631579,8.947368,7.944444
A11KRMIA0ES88I,0.000000,9.600000,8.000000,0.000000,8.193548
AO3JW5VHT2GQ,6.000000,0.000000,8.470588,8.000000,4.000000
A2WB4OWBUH2VQX,0.000000,4.000000,6.000000,8.000000,8.421053
A32K4BV5DFG3KP,0.000000,10.000000,8.000000,8.750000,7.125000
A2XRZV63X79YSJ,10.000000,10.000000,9.619048,6.000000,7.400000
A34D4KCP94ACJZ,6.500000,6.444444,8.253968,8.523810,8.000000
A3Q04XXGGED746,10.000000,0.000000,9.666667,9.200000,9.428571
A3AP6H48QHX8BR,0.000000,0.000000,8.400000,7.333333,0.000000
A38N7SFDOB3MR3,6.857143,0.000000,8.972973,7.000000,5.857143
AAZRWLML88IZK,0.000000,8.500000,8.571429,0.000000,6.000000
A2G8D1VN3MVB6F,8.000000,10.000000,8.545455,0.000000,6.125000
A1HMBIRR0RJ1NI,8.000000,0.000000,9.176471,9.307692,6.800000
A3K8TYU7UOUTR0,0.000000,0.000000,7.000000,10.000000,7.000000
A38UBVJEV1LLS7,6.000000,0.000000,9.900000,10.000000,9.142857
A1GN8UJIZLCA59,8.571429,10.000000,8.190476,9.793103,9.272727
AW3VZ5O895LRK,0.000000,10.000000,8.727273,10.000000,8.296296
A1XN6MBYDBTX16,0.000000,0.000000,10.000000,0.000000,10.000000
A3FDEI5P21XX6S,8.000000,10.000000,10.000000,8.500000,9.238095
A2MQQI4UYT9C11,7.333333,8.000000,7.809524,8.000000,7.172414
A2198O25QYUPXE,10.000000,9.818182,9.600000,10.000000,9.846154
A3UA046AA3DXFD,10.000000,0.000000,4.000000,7.333333,6.000000
A51IK68MWKV5R,0.000000,9.000000,9.142857,10.000000,10.000000
A31I3HXMD5H1EL,10.000000,10.000000,9.000000,8.769231,8.965517
A3DDPQ9342UNMY,6.000000,8.400000,8.500000,8.333333,8.625000
AJUFIGATSP9AQ,10.000000,10.000000,10.000000,10.000000,10.000000
A30A5I8FG82M2E,4.000000,0.000000,7.333333,7.000000,5.000000
ATXL536YX71TR,8.000000,0.000000,6.782609,8.333333,7.857143
A2VD2D1QHCMF9Q,8.000000,0.000000,5.285714,7.333333,6.076923
A25QJBK33C4O0R,8.857143,0.000000,7.384615,4.666667,9.200000
ANAYSRE3LX8GZ,4.181818,4.000000,4.857143,5.777778,6.000000
ALR35EFI69S5R,8.000000,8.833333,9.111111,9.840000,10.000000
A28WJUJF6D2ULA,4.666667,0.000000,7.578947,8.714286,7.351351
A17LEYMZI8OYOQ,8.000000,10.000000,9.375000,8.500000,9.000000
A2MS6UV7ZGTMLR,0.000000,8.000000,7.714286,9.333333,9.000000
A2TLLX0ZBMZTK7,7.000000,6.666667,10.000000,6.083333,5.809524
A27P0MW8TE1JQP,0.000000,8.500000,8.666667,9.000000,7.200000
A2HJB9J5O5CLPB,4.857143,0.000000,8.600000,9.166667,7.913043
AS6SH2JM2YY3H,8.666667,0.000000,8.526316,8.181818,7.400000
AHCVWPLA1O4X8,8.666667,0.000000,7.600000,0.000000,7.285714
AHL35XZ3OND2Z,4.000000,0.000000,8.500000,8.250000,9.200000
A4PPZNQF1X2IY,9.000000,8.941176,8.625000,6.000000,7.350000
A1TOH8S8I1VT9R,10.000000,0.000000,6.285714,8.562500,6.285714
A2N69DJM8NVYZ6,8.933333,8.000000,9.428571,8.000000,7.636364
A2NJO6YE954DBH,7.375000,9.520000,8.516556,8.431373,8.325581
AN9J46667D80O,8.666667,0.000000,8.480000,10.000000,8.571429
AJ9W09EUQPAKE,8.500000,10.000000,7.040000,8.285714,7.700000
A2PXHFGJZBNLXB,6.000000,10.000000,6.933333,8.461538,6.285714
A3AOKQCH0YBZDS,8.800000,0.000000,7.875000,8.000000,6.250000
A5KJVGJ43ZDC9,6.000000,0.000000,9.454545,6.500000,6.190476
A1L8HRCM60W0W7,9.272727,6.666667,7.692308,7.071429,8.254545
A9L6L5H9BPEBO,0.000000,0.000000,9.142857,0.000000,8.000000
A25AXWGBGJ5KBS,6.000000,0.000000,9.225806,8.500000,8.428571
A2XRMQA6PJ5ZJ8,8.571429,9.090909,6.000000,9.333333,8.571429
A1ZO30Z16MQ7Y7,2.800000,0.000000,0.000000,9.272727,9.741935
A2WE94927YC3KI,8.444444,0.000000,10.000000,8.000000,8.648649
A3UPYGJKZ0XTU4,7.466667,8.480000,7.520000,8.048780,8.060606
A1YC9XEDFKXPLK,8.000000,10.000000,7.714286,10.000000,0.000000
AHF97M45JFCB,0.000000,8.000000,8.727273,8.000000,8.000000
A1E0RPGCXS4L2G,0.000000,0.000000,8.000000,9.200000,6.800000
A1XT8AJB7S9JJG,6.000000,0.000000,7.000000,10.000000,7.636364
A18IK6YI6T3RK2,5.333333,8.000000,8.117647,7.750000,7.489362
A3EAU736LWTDCE,8.000000,2.000000,10.000000,6.888889,7.272727
A10HMPPHWI3V0A,7.500000,9.000000,6.000000,8.857143,8.090909
A10ODC971MDHV8,10.000000,10.000000,10.000000,10.000000,10.000000
AURZ4YQ270W3T,6.800000,8.666667,8.133333,5.200000,8.400000
ADE852UR9121C,4.000000,0.000000,9.153846,0.000000,4.000000
A1LVZOK9F7K4CN,5.000000,0.000000,6.640000,8.320000,8.095238
A2M597GCCE1N2S,10.000000,10.000000,9.200000,8.500000,9.200000
A1COW0UIB5HA9J,8.888889,10.000000,9.531250,9.392157,9.684211
A1B05INWIDZ74O,9.000000,10.000000,8.258065,6.400000,7.857143
A32T2H8150OJLU,0.000000,9.000000,8.363636,7.000000,9.125000
A16QJ649N8PRV,0.000000,0.000000,9.621622,10.000000,9.166667
A141HP4LYPWMSR,7.857143,7.375000,8.161290,8.428571,8.033333
A1FCWRSICTO2AH,6.000000,10.000000,7.600000,6.666667,6.363636
A3NQI2JLNPFOF8,0.000000,9.333333,9.600000,10.000000,10.000000
AFV2584U13XP3,10.000000,5.500000,8.000000,8.800000,7.000000
A1BA72K4VK1UN1,0.000000,4.400000,9.384615,10.000000,9.666667
A238M34Z3X2IBD,0.000000,0.000000,4.000000,5.000000,9.647059
AYWSFRCIMOAYE,4.125000,4.000000,7.750000,5.072464,5.622642
AHIK7BUXFRMT8,0.000000,8.500000,7.904762,8.571429,8.583333
AGZVS6M8XJGN6,0.000000,6.000000,8.481481,9.054545,6.470588
AGEIT17HENDIS,8.000000,9.600000,8.666667,7.666667,7.176471
A2BFIYZYNK54QX,0.000000,0.000000,6.714286,7.384615,8.222222
A2C21DQ4FQARGV,2.000000,0.000000,9.500000,10.000000,6.000000
A25ACLV5KPB4W,4.000000,6.000000,6.333333,0.000000,6.800000
A2FFYQZPUGOX58,10.000000,0.000000,10.000000,9.555556,7.250000
A1C9GCHR99WX3F,0.000000,0.000000,8.533333,10.000000,8.750000
A3Q1FVRV0CRYTH,8.583333,9.714286,8.776119,8.150000,9.081081
A18MBO1U4DPY20,6.800000,6.250000,7.104478,7.733333,6.894737
A2XGJ56VCFOKKZ,10.000000,0.000000,9.111111,5.000000,7.333333
A3JPFWKS83R49V,4.400000,6.666667,7.714286,7.250000,7.714286
AGRR05FH945HR,0.000000,0.000000,9.111111,10.000000,9.411765
AD2BIAIH78QI5,8.857143,0.000000,9.222222,8.400000,10.000000
A3HM5G9IV1FTFP,8.000000,10.000000,8.166667,8.235294,7.857143
AR37967IAR6ZT,4.000000,4.000000,8.166667,10.000000,8.240000
A3RTMB76CJWY9U,6.000000,10.000000,8.095238,6.307692,7.500000
A2GCHG6U8HTVIT,5.000000,0.000000,8.000000,8.437500,8.727273
APOGXH3A74CM3,8.500000,9.111111,9.000000,8.900000,8.307692
A4UKBG3M5U5TI,10.000000,7.000000,7.272727,8.666667,6.214286
A1AXHNRDJEQ0B,0.000000,0.000000,9.000000,10.000000,9.263158
A3956O40ZZYFMY,0.000000,0.000000,0.000000,4.000000,8.818182
A1EKA9XSI641C9,5.000000,4.000000,0.000000,6.571429,8.769231
A139ZF7CJVVTJU,6.000000,5.000000,5.294118,8.080000,6.800000
A3GD9BKIUT3I89,6.000000,0.000000,9.500000,0.000000,7.935484
A3LZBOBV9H1HDV,10.000000,10.000000,10.000000,10.000000,10.000000
A3BFJFJRXMWXAX,0.000000,10.000000,8.923077,0.000000,7.666667
A2PMQH87R1H3QU,4.000000,0.000000,6.000000,7.692308,5.166667
A1JH5J1KQAUBMP,6.363636,7.571429,8.577778,8.142857,7.572414
A1DRKVXO300RUE,0.000000,0.000000,5.600000,8.923077,5.555556
A3C6X0DAM87GN4,8.000000,7.500000,6.300000,7.454545,6.666667
A2M5FI4CB6VUXF,8.800000,10.000000,7.375000,10.000000,8.068966
ABN5K7K1TM1QA,7.600000,8.250000,9.025000,8.193548,7.428571
A2A6NH6DPE0VXR,7.307692,8.777778,7.467890,6.869565,7.000000
A2UZLIH3BSGJ3N,4.000000,6.000000,6.782609,7.600000,5.481481
A1URXSRV6WDHVY,0.000000,0.000000,10.000000,0.000000,10.000000
A5TZXWU8AALIC,7.894737,8.000000,7.071429,7.384615,5.428571
A39CX0EE4BZCZC,8.521739,9.800000,8.956522,8.714286,8.496124
AMG2LF8MLUDN1,10.000000,8.000000,9.777778,9.833333,6.000000
A155X6KYOPQEZ5,0.000000,0.000000,10.000000,10.000000,9.058824
A2II09GQGWOMTQ,8.000000,0.000000,8.933333,9.142857,8.916667
A1TW9ZGRDQQZ2Y,7.542857,8.000000,8.243902,8.656250,8.046154
A2B8DJ0CKN9FAO,10.000000,10.000000,10.000000,0.000000,9.384615
A3NIQK6ZLYEP1L,10.000000,0.000000,8.640000,9.411765,8.857143
A33XHXRTRZOQ12,7.142857,8.000000,7.733333,9.428571,8.285714
A34PAZQ73SL163,10.000000,8.800000,8.352941,10.000000,8.862745
A39W3263A9HCMN,10.000000,0.000000,8.500000,6.181818,5.960000
A6DOCZ10B7JAJ,0.000000,9.000000,9.000000,7.272727,0.000000
A38DQCCC64K4W,7.333333,10.000000,10.000000,8.842105,10.000000
A2E3F04ZK7FG66,10.000000,0.000000,9.230769,10.000000,7.538462
A2WZ1B92F81LJJ,4.000000,8.000000,7.454545,8.333333,7.076923
A22BPC7LRSGSYQ,10.000000,0.000000,6.000000,9.578947,8.434783
A29E6IO3DZG6IY,10.000000,0.000000,8.400000,6.000000,7.125000
A1VABWDOUQLULZ,8.000000,6.875000,7.777778,7.200000,7.538462
A31JRSZQ76YA1N,4.666667,0.000000,8.666667,0.000000,5.454545
APQ8N1UKS1RDC,10.000000,0.000000,9.181818,7.555556,8.545455
AD9WTAOAFUZA4,8.666667,10.000000,10.000000,0.000000,9.333333
A7PBI5HADJYER,6.250000,4.000000,0.000000,8.625000,10.000000
A34VV92TSLC37R,4.750000,0.000000,7.200000,8.153846,8.000000
A370Z6I5GBWU44,8.133333,8.000000,8.000000,8.615385,7.976744
AMMEMPM9MPS55,10.000000,8.400000,10.000000,7.272727,0.000000
ASIA7V7CBSKD3,8.307692,8.000000,9.714286,7.500000,7.565217
A4X7NFDO3I1TA,10.000000,10.000000,10.000000,0.000000,10.000000
A96JD9312DHWC,6.000000,6.000000,9.176471,9.071429,8.300000
A1KP0IVWU0RQ0A,6.000000,0.000000,9.520000,6.666667,7.238095
A1L43KWWR05PCS,9.000000,10.000000,8.125000,7.567568,7.666667
A1EZMV5DSWU8TU,10.000000,0.000000,8.500000,8.090909,6.000000
A6ADO7B6FUVN,7.333333,8.000000,8.746667,7.247059,8.000000
A2EGK0YRDF4ZZB,0.000000,0.000000,8.666667,9.800000,10.000000
A1R8LZYZR3377O,4.666667,8.000000,8.400000,5.250000,6.240000
A23L2BR07AOBG1,0.000000,9.142857,7.142857,7.538462,8.400000
AXSH6O4OP5L4M,6.000000,9.500000,6.666667,6.000000,0.000000
ADLVFFE4VBT8,0.000000,0.000000,9.375000,8.000000,6.769231
A3D6TFYRMIV3ZL,10.000000,0.000000,10.000000,10.000000,10.000000
A4CHIXX0HOB3G,0.000000,0.000000,10.000000,0.000000,8.400000
A2FRKEXDXDN1KI,8.000000,8.666667,8.983607,8.800000,8.125000
A2CU4L3OK00M23,0.000000,0.000000,6.000000,0.000000,10.000000
A1PW6G3EFXCLFJ,2.000000,6.666667,8.000000,4.800000,7.800000
AD0J5KK4WQXNS,8.000000,7.750000,5.266667,7.480000,6.000000
A3DGB4HN3QCGAL,6.000000,0.000000,4.857143,0.000000,6.413793
A2VE83MZF98ITY,0.000000,0.000000,8.666667,8.000000,9.600000
A2T7TZBOTP68C7,8.285714,10.000000,8.678571,7.333333,7.000000
AQ6SV7LDSMGBE,0.000000,6.000000,6.000000,0.000000,8.088889
A3I69IXPTDVKQF,0.000000,9.333333,7.000000,9.605634,8.400000
AUGABW5AS2OXM,0.000000,0.000000,10.000000,10.000000,10.000000
A27NTH2Y9DAR31,0.000000,0.000000,10.000000,8.250000,10.000000
A15MLF38WROSWU,0.000000,8.000000,6.142857,5.454545,4.800000
A91LE0MPYE8GJ,10.000000,0.000000,10.000000,10.000000,9.800000
A3LPQAPU2ILDD0,8.000000,10.000000,9.647059,10.000000,9.111111
AY12DBB0U420B,5.692308,10.000000,8.380952,8.000000,8.108108
A2NZAGMAS7N5ZP,2.000000,8.000000,8.666667,6.666667,9.272727
A1D3XQC2DIT,8.666667,0.000000,7.894737,6.400000,7.444444
A293HA28PN3VO4,8.000000,0.000000,4.941176,10.000000,6.846154
A19VMQDCB4HZ9P,7.333333,10.000000,8.500000,9.172414,7.448276
A1R2URG8OHNEDS,8.000000,0.000000,9.724138,8.600000,7.000000
A36NUDST4Y5JBA,0.000000,0.000000,10.000000,0.000000,8.250000
A2YCG57S65QXUU,10.000000,0.000000,10.000000,10.000000,10.000000
AVT9Q9PTUCDMR,7.076923,0.000000,6.000000,8.000000,5.111111
A2BSZPRBKYAB2K,0.000000,0.000000,8.571429,8.000000,9.333333
AV3JZAYAP7GHC,10.000000,10.000000,9.250000,8.000000,4.000000
A36QYTMMJ0O2IZ,0.000000,10.000000,8.666667,0.000000,10.000000
A3IDMLOWLHWNDJ,5.000000,0.000000,7.272727,6.086957,7.658537
A3FL6CIO8QIJ2F,0.000000,10.000000,10.000000,9.904762,10.000000
A2FBIF1FKBC193,10.000000,0.000000,9.272727,10.000000,8.260870
AJRFZ0VZ0LD26,7.600000,0.000000,7.869565,6.285714,8.363636
A18G7GG53G2X8A,8.800000,8.000000,8.156250,7.769231,9.333333
A22J9WI2PDAVJ,8.666667,8.000000,8.000000,8.000000,7.120000
A2XXV9HF169LCF,8.000000,0.000000,9.750000,7.444444,7.538462
A2L7WYA5OENV03,0.000000,8.000000,8.800000,10.000000,8.800000
A2MUD2VY9HWFXQ,0.000000,10.000000,7.714286,9.818182,7.090909
A2B3Z2QHW3V35S,7.111111,0.000000,9.360000,9.142857,8.504673
A81P47EIXM8HA,3.333333,10.000000,9.600000,10.000000,8.105263
AY39CRKDV5L8S,0.000000,0.000000,0.000000,0.000000,10.000000
ABSX5TGEGRH76,8.000000,8.222222,9.052632,8.833333,8.384615
A1TKM36EYEQNSM,8.444444,0.000000,9.043478,8.769231,9.125000
A2E9TRM8096BXU,0.000000,0.000000,9.142857,6.952381,8.000000
A3M6RVUVZOQZLB,8.000000,10.000000,9.384615,9.272727,8.166667
A2ZB8B7VQONZA6,0.000000,0.000000,7.944444,9.714286,8.000000
ANEDXRFDZDL18,8.857143,10.000000,6.400000,4.222222,8.000000
A1L9MIIBI7409N,9.000000,9.000000,8.000000,0.000000,7.714286
A17N23WXA7EAF,0.000000,6.000000,9.692308,8.500000,10.000000
A8S11VP9Z36D6,0.000000,0.000000,9.666667,10.000000,10.000000
AMYMJ96STIRW,0.000000,10.000000,10.000000,0.000000,7.368421
A38QJ7JUUTVLKX,8.714286,10.000000,8.000000,8.787879,9.333333
A1FG91CM8221X1,7.777778,8.500000,9.083333,9.083333,8.358974
A3GRN6J64F2C3X,8.666667,7.428571,8.000000,8.200000,6.370370
A28MM46KI4EQB2,0.000000,0.000000,9.636364,0.000000,9.523810
A17D77DFID0GZG,6.000000,0.000000,6.444444,10.000000,8.400000
AF3X7J0XC391L,6.000000,0.000000,8.444444,6.769231,8.533333
A1EBJ93E1T50RT,9.666667,0.000000,7.333333,4.000000,8.666667
AFOK05KDCHSHL,0.000000,9.111111,0.000000,5.846154,0.000000
A3IE0P2JMWW0H7,0.000000,0.000000,10.000000,10.000000,9.529412
A1K94LXX833JTT,10.000000,0.000000,9.555556,8.600000,10.000000
A3TZV5SXQ8F6ST,6.000000,0.000000,6.000000,0.000000,7.571429
A27FR2C67JPDRS,8.750000,8.000000,8.930233,10.000000,8.952381
ATS7LYGLUX34L,8.400000,10.000000,6.064516,9.000000,8.818182
A2CZPM110DW516,0.000000,0.000000,8.400000,8.000000,6.615385
A3JLOIXFM75QNV,5.636364,6.000000,6.343750,6.270270,6.900000
A2ARRAMXWT83PT,10.000000,0.000000,9.400000,8.117647,8.709677
ABH4G7TVI6G2T,9.000000,0.000000,10.000000,8.500000,10.000000
A363QRXP83K8ZE,10.000000,8.000000,7.000000,7.600000,10.000000
A1AMVA4R3G58TV,10.000000,6.500000,10.000000,9.538462,9.103448
A29R3O02O0PON4,8.400000,8.000000,0.000000,0.000000,8.206897
A1TK6R2JSC97HL,5.111111,7.454545,7.234043,6.000000,6.555556
A2MYUI8IT6UBUU,5.000000,10.000000,7.840000,7.794872,2.000000
A2P49WD75WHAG5,9.750000,10.000000,8.695652,8.666667,8.555556
A1COQ2DOO1O9HD,0.000000,0.000000,8.000000,8.888889,10.000000
A1O60Q7LBN4MQ,0.000000,0.000000,6.090909,6.000000,6.777778
A39AWL2FKWDFK6,6.000000,7.384615,8.000000,10.000000,8.190476
A38YUU4J5Q4EJO,10.000000,0.000000,9.461538,10.000000,9.636364
A13OMT8D4GPIBV,0.000000,0.000000,9.944444,9.200000,8.840580
A10C5CJK1YKGV0,0.000000,8.000000,8.352941,6.666667,7.714286
A2X27FQSHP418Y,6.800000,0.000000,4.000000,5.000000,6.727273
A2LBG01YBSUP96,2.000000,8.000000,5.272727,6.615385,4.709677
A13H2JJ3GEMJN1,8.000000,0.000000,8.571429,0.000000,8.666667
AYG1U47VFZ165,0.000000,8.000000,6.500000,7.200000,8.250000
A1SCD2NYTIAQTY,7.454545,8.000000,7.826087,8.875000,8.421053
A2582KMXLK2P06,8.133333,9.400000,9.739130,8.571429,8.313725
A328S9RN3U5M68,6.117647,7.800000,8.422764,8.433735,8.028986
A1P98DMX8YUSNW,8.000000,0.000000,6.750000,8.307692,6.315789
A3PCTD8QM1BIXI,8.333333,8.000000,8.125000,6.105263,8.140351
A37DLVPKJZGSQF,8.000000,0.000000,8.800000,10.000000,8.000000
AMYW43AHO16SS,6.800000,8.285714,7.333333,9.000000,8.644068
A1V3IO23FZFF9L,6.129032,10.000000,6.000000,6.133333,6.702703
ANBQIWHO9JRFS,6.000000,10.000000,9.176471,8.955224,8.500000
A26HFSVLAGULIM,7.714286,8.666667,9.419355,10.000000,9.692308
A2BLITJITO97N5,3.428571,0.000000,4.166667,8.000000,6.000000
A1H4NFXAJQRQ2K,8.000000,0.000000,8.400000,9.500000,7.166667
A6FIAB28IS79,0.000000,7.000000,7.652174,9.000000,8.769231
A2R1HAXRNU0QX7,9.285714,7.666667,7.969231,7.884615,6.571429
A2DAHERP7HYJGO,0.000000,8.500000,8.216216,7.517241,7.200000
A31D8QKJXU93BT,4.000000,0.000000,7.565217,9.333333,9.500000
A1COG8T9MPP3KA,7.600000,0.000000,6.545455,5.000000,5.619048
A29IYGR7SNPRIV,0.000000,0.000000,7.466667,6.000000,10.000000
A1UNJ46NSB352E,0.000000,0.000000,10.000000,0.000000,8.571429
A3O2RCKAMSE9X7,0.000000,6.000000,7.428571,8.774194,6.250000
AYBL30P5NXNZ4,8.000000,8.000000,8.090909,8.000000,6.545455
A16IXZW2A0NFR6,3.777778,6.000000,9.142857,4.666667,7.400000
A27QZDO1FRRFCV,0.000000,0.000000,0.000000,0.000000,8.083333
ADB8XCKNSDY5Z,8.000000,10.000000,9.111111,6.400000,9.176471
ALN0TTRTLHA4E,6.705882,3.000000,6.800000,2.000000,8.500000
A3LU79BYMWZEW9,0.000000,0.000000,8.227273,5.666667,8.500000
AS7B4W4KOPQNV,6.000000,8.000000,10.000000,10.000000,8.571429
A20IIR0422G3A5,0.000000,8.000000,8.000000,9.000000,6.117647
ATQTE464YAZM1,0.000000,0.000000,7.466667,7.058824,5.777778
AZAEJB1ECT9HC,0.000000,0.000000,7.600000,9.666667,10.000000
A3BSS2M2DPPV4T,10.000000,0.000000,10.000000,10.000000,10.000000
A2VUP5US1F5HG5,0.000000,4.800000,5.428571,8.941176,8.857143
A2LGRPM88JDWP6,0.000000,0.000000,0.000000,0.000000,7.200000
A1KAR9G699RM56,0.000000,6.285714,8.000000,7.000000,5.777778
A23XVF23C7BHP0,0.000000,10.000000,10.000000,9.200000,6.222222
A1AISPOIIHTHXX,7.900000,8.370370,8.678571,7.787234,7.728814
A9LAPV8XNKZVZ,7.052632,8.000000,7.777778,6.000000,6.434783
A3FY3H6F4249E0,0.000000,0.000000,8.588235,10.000000,8.000000
A82LIVYSX6WZ9,5.250000,10.000000,7.614035,6.000000,7.425000
ABX7SEE84DMLU,10.000000,9.000000,8.896552,10.000000,8.714286
A3W1JJGJHRPH4Y,6.428571,6.666667,7.909091,8.000000,6.468085
A1P6NRWDD1NT4B,0.000000,5.333333,9.000000,6.000000,4.956522
A17NVM7IAPF2NS,0.000000,0.000000,3.800000,2.727273,7.785714
A25KKXUQQ0OLWB,0.000000,0.000000,9.600000,10.000000,9.500000
A1FMJJKSVQDDQ,8.333333,9.142857,8.328767,8.831169,9.283019
A1HS9F7J51E9CB,0.000000,0.000000,8.000000,8.750000,6.250000
A2UYAFQ40U2PHS,5.333333,0.000000,8.315789,8.800000,7.785714
A3SYMLB8JSW5VD,8.250000,10.000000,7.000000,0.000000,7.500000
AER15RIMV8E6D,7.428571,10.000000,8.234043,8.524590,8.181818
A3RRBPUGD7UOSP,0.000000,0.000000,0.000000,9.250000,7.375000
A1F1FOR46702YF,0.000000,8.307692,9.684211,9.200000,9.666667
A12A8LU93A132U,6.666667,6.000000,6.833333,0.000000,7.533333
A5DIAZ5GT3MC,4.000000,6.000000,5.750000,8.153846,8.133333
A13F2IV3ME23R,0.000000,10.000000,9.555556,0.000000,8.679245
A1ER6IYOMM8VCT,7.939394,8.000000,8.571429,8.689655,7.926316
AIFNOZKR9WTYI,2.000000,2.777778,4.000000,8.500000,4.526316
A2PNTEDGMOLMOY,9.600000,8.166667,8.000000,8.145455,8.363636
A29TKSIWA3JKF3,2.000000,0.000000,4.500000,5.600000,7.250000
ATZ1LTONGHOP6,0.000000,0.000000,8.000000,8.800000,6.333333
A268EEWUXYCA8Q,7.000000,8.000000,7.250000,8.235294,7.600000
ARA48345JZPZR,6.333333,10.000000,8.545455,9.030303,8.666667
ACVFTS9X2MKJ8,0.000000,4.000000,6.285714,4.000000,6.235294
A120GIT50UISJP,0.000000,0.000000,7.600000,8.250000,7.000000
AYUFQY3XG4ZBR,0.000000,0.000000,10.000000,7.000000,7.111111
A3SU3TXON36T0X,0.000000,0.000000,9.200000,9.176471,6.400000
A1EGDRTJYF3AZK,10.000000,10.000000,0.000000,8.888889,9.272727
A3EJYJC25OJVKK,4.000000,10.000000,9.925926,9.611111,8.500000
A1435P5AMCPB3X,10.000000,0.000000,7.333333,8.769231,7.714286
A27W5AJNP6YX7Z,0.000000,0.000000,4.000000,8.000000,10.000000
A3K5IMGDCDBCNF,0.000000,0.000000,6.000000,8.000000,8.777778
A161ANWB62G3M8,9.428571,8.000000,0.000000,9.000000,9.066667
A4JP4T1F95D0A,7.166667,8.000000,7.538462,7.617021,7.507463
A1DTCJV6KOMJOA,10.000000,0.000000,9.666667,10.000000,9.333333
A2SLA0SXRQV8M0,9.200000,6.000000,7.750000,8.000000,5.500000
A2Z44AN3F2IN61,7.333333,8.000000,9.259259,10.000000,10.000000
A1GHUN5HXMHZ89,7.818182,8.000000,8.170732,7.900000,7.450980
A1KALHQD4LWAKO,6.000000,10.000000,10.000000,9.846154,9.052632
A2H44WVZS59KKT,10.000000,8.000000,7.250000,8.250000,7.666667
A1NLZVP501JM5Z,10.000000,8.666667,9.600000,8.941176,7.384615
A2O97GKCSISM3F,0.000000,0.000000,8.000000,7.500000,8.000000
A3SS6VRWCTB7V,10.000000,8.000000,4.000000,3.000000,8.631579
A2CW9IQAPFEYLM,0.000000,0.000000,10.000000,10.000000,10.000000
A1E15WYG9C47X1,0.000000,0.000000,9.444444,8.533333,9.636364
ASHT96DUVMF1S,8.000000,0.000000,8.000000,9.500000,9.166667
A1F2EYORWOZ3G1,4.000000,0.000000,10.000000,8.857143,7.076923
A3MCQSIBV7QW8Q,0.000000,0.000000,8.666667,7.571429,0.000000
A2R6RA8FRBS608,8.000000,9.000000,9.688889,10.000000,10.000000
AE4JNORCLW8F6,10.000000,9.200000,8.000000,9.090909,8.500000
AWSYTZ2I2MW0V,0.000000,0.000000,0.000000,0.000000,9.227273
AT2BYFEVLVITT,0.000000,0.000000,10.000000,8.000000,8.250000
AYWAY5MKLAITN,8.500000,10.000000,8.800000,8.000000,6.926829
A2OLJM7IREKPWZ,10.000000,0.000000,10.000000,10.000000,10.000000
A1R2ONSLAI3M2X,0.000000,0.000000,6.000000,7.515152,6.000000
A2ASEBCEN9ZWTZ,8.800000,0.000000,9.375000,10.000000,8.000000
A3IMNZSYDOTTU6,10.000000,0.000000,8.400000,9.450000,9.142857
A2OXDJP1Z3LNOK,9.454545,0.000000,8.000000,10.000000,7.217391
A3R2YB0WTTB0IJ,0.000000,9.142857,8.916667,8.333333,7.428571
A8F2AZWB20X1H,10.000000,0.000000,9.333333,10.000000,8.608696
A3O5T5VAQ3TD17,10.000000,0.000000,9.750000,9.200000,8.133333
AZ78HT7H9DVJG,8.000000,0.000000,8.800000,7.272727,6.300000
A5KLP39OKXD5P,0.000000,10.000000,10.000000,0.000000,8.875000
A331OF34UX4Y1K,2.888889,4.000000,2.727273,4.200000,5.535714
A13TO1ZFAH9SVN,0.000000,0.000000,8.893617,9.714286,9.500000
A1YVDY3TISDRE1,0.000000,10.000000,8.000000,8.666667,10.000000
A3LH77PBDFEO3F,6.666667,4.000000,8.370370,10.000000,8.631579
A34GZPHWYPSY2T,8.000000,8.000000,8.117647,7.629630,3.000000
A1JV4QKTEB7QBL,0.000000,8.500000,9.000000,8.250000,6.000000
A3KB1H0S7T6JX1,9.047619,9.500000,8.277778,8.048780,7.983051
ARMVAHWQQ9S8A,9.000000,8.000000,9.142857,8.571429,8.000000
A25ZVI6RH1KA5L,8.888889,7.000000,6.454545,7.777778,6.866667
A19V0VJMKKRMC8,10.000000,0.000000,9.354839,10.000000,7.795918
A1QQPIUXWD4G0Z,3.333333,10.000000,7.762712,7.720930,7.219512
A28ILXH590CMRJ,8.000000,0.000000,7.090909,6.000000,10.000000
A2HVL790PBWYTU,8.363636,8.285714,8.410256,7.803922,8.823529
AUSATFDSU2INS,0.000000,6.666667,8.736842,9.411765,8.941176
A26R4PDCZX5SOK,8.666667,0.000000,8.000000,9.000000,8.384615
A1X1CEGHTHMBL1,6.000000,0.000000,9.333333,9.277778,8.777778
A2RHV42BTJSVON,10.000000,0.000000,9.000000,9.600000,4.000000
A16GAIJJE39T1S,0.000000,10.000000,9.333333,0.000000,9.157895
AX9J0U8J6XTCY,10.000000,0.000000,9.238095,0.000000,9.660377
A3F9G9G8CJGJPO,0.000000,0.000000,0.000000,10.000000,10.000000
AQI2CW6UKF1ES,10.000000,0.000000,9.760000,8.250000,0.000000
AIBRTGBN07D6A,0.000000,2.000000,5.333333,6.666667,6.333333
A1CQON0P01BITL,6.727273,10.000000,10.000000,10.000000,7.230769
A2JYIDH7JIG48H,8.000000,0.000000,8.266667,9.500000,7.000000
A1NI0VOVXZBM7Y,6.600000,6.000000,7.400000,6.500000,6.938053
AB9QXH5URDLER,8.000000,10.000000,8.250000,8.000000,8.592593
A3VI2VETB90ZG5,9.333333,0.000000,9.090909,8.000000,8.956522
A1M9DQDGE07Q0U,4.000000,0.000000,7.241379,8.428571,8.421053
A3E5OY3YLZMOA9,8.000000,0.000000,8.205128,9.000000,7.666667
AK61LQI92GTCH,0.000000,0.000000,8.000000,6.000000,6.750000
A2AOZQ3WTNVVOK,7.000000,9.500000,8.300000,8.821429,8.588235
A3KY68OTSNHM3G,10.000000,8.571429,9.666667,9.409091,8.938776
A18SDN3HYFVH2L,9.200000,0.000000,6.533333,7.200000,4.000000
AB0GGIQBNB36Q,2.000000,2.000000,8.285714,0.000000,8.193548
A3ROE64EVHDTTV,8.000000,7.757576,0.000000,8.810811,8.240000
A3D6OI36USYOU1,6.000000,0.000000,5.285714,6.000000,7.777778
AKS9SJTHTU0OM,0.000000,10.000000,9.800000,0.000000,9.000000
A259F4J3QOBIUH,0.000000,10.000000,9.294118,0.000000,8.727273
ANOAF9M5MTJHN,8.000000,0.000000,0.000000,0.000000,7.578947
A35XMSURGM0L1N,7.000000,0.000000,10.000000,7.600000,8.000000
A1NV8HZTGKIPXQ,8.000000,0.000000,7.593220,8.280702,9.200000
APOUYO1BEPK22,6.000000,6.000000,8.909091,6.923077,0.000000
A2LXG7XUQNZO6E,6.000000,0.000000,7.666667,8.000000,8.400000
A3PPXVR5J6U2JD,8.888889,7.333333,7.717391,6.965517,7.727273
A1TJPMB7N776WS,6.250000,8.545455,8.583333,8.875000,6.551724
A16XRPF40679KG,10.000000,7.714286,9.400000,6.846154,7.955556
APZ9MBMUKD2W,9.200000,0.000000,9.454545,0.000000,8.560000
A2ZVERVFM25MJT,9.250000,8.400000,8.842105,7.125000,7.615385
A3P7WNM0UHV4YQ,7.000000,0.000000,4.000000,2.000000,3.130435
A16X61RLY1YJL7,9.800000,10.000000,9.611111,10.000000,9.531915
AGKPTMTR3UX1R,8.000000,2.000000,8.431373,8.173913,8.166667
A3N6GAJTEOF4MO,8.000000,10.000000,8.400000,9.172414,8.000000
AQP1VPK16SVWM,9.625000,8.409091,8.438095,8.454545,8.377358
A2JP0URFHXP6DO,6.000000,8.000000,7.466667,8.476190,7.230769
A37OOQQLMMKYR8,8.000000,10.000000,10.000000,8.086957,6.400000
AB0W9GTNGHSI3,8.000000,0.000000,7.142857,10.000000,7.935484
A138826JMC0J3T,8.400000,0.000000,10.000000,9.090909,2.000000
A1OYW08VVPMP3Q,5.000000,8.666667,8.250000,6.000000,8.000000
A3TUZOJZM9008Y,8.400000,8.000000,8.800000,0.000000,8.769231
A1GSR7RGCG1QYZ,2.000000,5.000000,6.888889,7.909091,3.250000
A2UL0A8GJB4318,10.000000,6.500000,8.727273,9.777778,9.454545
A244CRJ2QSVLZ4,0.000000,0.000000,10.000000,9.357143,8.000000
A10E3F50DIUJEE,9.000000,6.000000,7.750000,9.777778,9.428571
A2Z379ES750ZRY,0.000000,10.000000,2.000000,6.000000,7.111111
A1AFXJ8U72MD6L,0.000000,0.000000,8.050000,6.000000,7.000000
AUHG8KSHI529U,8.000000,7.818182,8.695652,7.714286,8.333333
A13DQTXG02HZC1,7.666667,0.000000,7.567568,7.333333,7.076923
A3A4WQL80WOTMH,0.000000,0.000000,10.000000,9.333333,8.000000
A1SPB225CVTRUU,8.000000,8.000000,7.688889,6.000000,7.636364
A1T17LMQABMBN5,0.000000,0.000000,8.615385,9.000000,10.000000
A2X6GEC6LCDN4S,7.142857,0.000000,10.000000,10.000000,7.361702
A3FUBUJAIGM87T,0.000000,0.000000,0.000000,5.054545,4.000000
A2WSI8HOWHFDOT,10.000000,8.000000,0.000000,9.416667,9.714286
AQ01Q3070LT29,7.714286,10.000000,8.000000,7.347826,7.692308
AG6UYD56VHOG1,0.000000,0.000000,0.000000,0.000000,5.176471
A3ICDLUQ3V2QY2,4.000000,0.000000,8.800000,4.736842,8.000000
A19ZXK9HHVRV1X,6.166667,6.200000,6.571429,6.377953,5.454545
A34K8D262NZQJF,0.000000,0.000000,10.000000,10.000000,8.896552
A359IT81FBX64Y,4.000000,0.000000,4.615385,6.875000,6.750000
A3KROYMQ61M7A,0.000000,8.000000,6.000000,0.000000,7.052632
A2MNMZMM6BGLTA,6.571429,2.000000,7.696970,5.294118,6.592593
A3EUSH8DPW75LR,10.000000,8.000000,9.400000,9.280000,10.000000
A5OD2CTWK2EBA,6.000000,0.000000,8.000000,8.967742,4.000000
A3RB6NQOLOBXYD,2.000000,10.000000,6.200000,8.800000,10.000000
A9RNMO9MUSMTJ,6.000000,6.000000,8.000000,5.666667,7.322034
A1MX6D3JK6IKDW,0.000000,8.000000,7.066667,6.500000,8.560000
A3II1ACACC5MTX,0.000000,6.800000,6.000000,6.000000,7.666667
A152C8GYY25HAH,8.500000,7.600000,8.000000,7.485714,7.400000
A2C7BOQVFH1HLE,7.166667,7.333333,8.461538,9.230769,7.500000
A2Z28WKY1LHBKY,8.000000,6.000000,8.769231,9.600000,7.000000
AMIGVTZZIWS6I,6.666667,8.500000,7.500000,6.000000,8.266667
A34XPZS5DXA6HA,10.000000,0.000000,10.000000,10.000000,10.000000
AAI57M3OXP5NK,8.000000,0.000000,10.000000,10.000000,7.444444
A2TWIZ33KJCQ54,6.000000,0.000000,8.960000,10.000000,8.000000
A33CLVW2K7SL1P,6.500000,8.000000,7.636364,5.652174,5.777778
A77184QJM3PM,10.000000,0.000000,7.200000,10.000000,9.100000
A1DAOL3NMHEPLS,6.000000,6.400000,7.875000,7.875000,6.846154
ACVNA57PI4DLV,10.000000,0.000000,9.500000,0.000000,8.428571
A18BD98SU49UB7,8.000000,7.714286,9.333333,7.777778,9.230769
A1VZLLDNLURGJB,10.000000,8.000000,8.500000,7.818182,8.571429
A2EDZH51XHFA9B,7.440000,9.200000,6.236842,6.709677,6.459459
A129YBX5BVNW2,10.000000,10.000000,9.333333,9.000000,10.000000
AIRHRV3D8X4J1,8.000000,10.000000,10.000000,0.000000,10.000000
A2UQIIJ2CD8REE,0.000000,0.000000,9.866667,9.837838,10.000000
A1P2NBM3P3TS2X,8.625000,7.600000,7.230769,8.266667,6.489796
A11ED8O95W2103,8.000000,6.000000,7.700000,4.000000,6.714286
A3T0OTH5072YRE,0.000000,8.000000,7.500000,8.571429,7.625000
ALLIGF5OZM1I6,0.000000,7.333333,9.142857,6.666667,10.000000
A11PTCZ2FM2547,7.500000,8.160000,8.000000,7.659574,7.512195
A39IY0JU5JI69G,3.000000,10.000000,7.906977,8.285714,8.444444
AH1OH4PWR7NV6,2.000000,0.000000,0.000000,9.200000,8.000000
A3JZ5L52FM318H,0.000000,0.000000,8.666667,10.000000,8.666667
A1DK5AZMXS1QA3,8.615385,8.400000,7.846154,8.370370,6.857143
AT6CZDCP4TRGA,9.714286,6.250000,9.777778,8.888889,7.687500
ABO092BYA4VMU,0.000000,0.000000,10.000000,0.000000,8.733333
A3EOYN87MMNHL1,0.000000,10.000000,10.000000,10.000000,10.000000
A3NH7PYU4AD5GA,10.000000,8.666667,9.263158,7.428571,9.000000
A7P9LPMSBAAME,8.000000,6.000000,8.000000,10.000000,9.111111
AY69ZK7G6CNYJ,10.000000,0.000000,9.259259,9.290323,8.000000
A457S8SW690NM,8.750000,8.800000,8.315789,8.571429,8.295082
A2FEJIORC1MBG3,8.000000,0.000000,6.400000,7.600000,7.666667
A1R602SXNGOMJ4,7.000000,5.733333,7.650794,5.891892,7.016949
A185QFJRTB5W93,10.000000,0.000000,6.000000,7.600000,6.952381
A17JVVAKWEB0M,6.000000,9.000000,9.280000,10.000000,6.666667
A2TDK8D4HEMUYW,0.000000,0.000000,6.666667,9.680000,8.000000
A1NSUJJCG73IRF,0.000000,8.000000,8.545455,7.690476,0.000000
A2T2MYZEB81NOQ,10.000000,0.000000,8.095238,9.600000,8.823529
A1HX00DL0SZM1G,8.000000,8.333333,7.833333,8.933333,8.933333
A8G9GETA2OLMZ,0.000000,0.000000,6.800000,3.333333,7.666667
A2Z7TU96G2WB9B,6.000000,10.000000,0.000000,7.000000,8.181818
A1PQNUIMLIOJ7R,0.000000,0.000000,0.000000,9.000000,10.000000
A30TK6U7DNS82R,9.333333,8.000000,8.058824,8.333333,9.473684
A2Z9FXHC1L66EW,0.000000,0.000000,10.000000,10.000000,10.000000
A3U56M0Y8LYO6J,6.000000,6.444444,6.133333,5.875000,5.446154
A1B8HI3VREI1H3,8.000000,0.000000,10.000000,9.750000,9.000000
A3Q4XAQXKKV6V,2.666667,0.000000,8.666667,5.000000,6.928571
ABO2ZI2Y5DQ9T,7.578947,6.347826,6.731183,6.903226,6.444444
A1CDNTB7377YH2,8.333333,8.666667,8.253165,6.750000,8.235294
AOXL514GEE4AA,8.500000,0.000000,8.181818,7.777778,8.480000
A3QZXDBATXFNZX,0.000000,0.000000,10.000000,9.619048,10.000000
AJD9EA658HCFW,10.000000,0.000000,8.600000,6.000000,7.933333
A1CZICCYP2M5PX,8.000000,10.000000,8.761905,10.000000,8.666667
A24IJY3V0804WJ,3.600000,7.500000,7.157895,6.400000,7.200000
A25CMSI6S7S63C,0.000000,0.000000,7.333333,7.866667,7.666667
A6VFFRIHAXKRL,4.666667,0.000000,7.600000,7.750000,6.303030
AXFI7TAWD6H6X,0.000000,9.200000,9.454545,9.555556,0.000000
A2EEUQ81DTY7G3,7.800000,8.000000,7.672131,8.043478,6.400000
A2ZSC81MXLBELX,6.000000,10.000000,9.450000,9.703704,10.000000
A1X7FS1H4R02W1,0.000000,0.000000,10.000000,0.000000,8.571429
A2V3P1XE33NYC3,4.000000,0.000000,9.578947,8.500000,10.000000
A27RJ30RN5K9MX,9.333333,10.000000,9.866667,9.755102,9.555556
A2EAI4948TW53X,0.000000,0.000000,0.000000,10.000000,10.000000
AGVWTYW0ULXHT,8.000000,10.000000,7.407407,7.416667,8.857143
AL5OEDM8TPTKV,10.000000,10.000000,8.800000,9.636364,10.000000
AGNOPNCN6FHB6,0.000000,10.000000,7.818182,8.666667,4.285714
ACO20QL72D1E6,0.000000,0.000000,0.000000,9.076923,8.769231
A1R9GZ8FC44MF5,6.142857,8.903226,6.400000,7.090909,8.666667
A1ALOIPRR8Q06J,5.692308,5.000000,7.310345,5.272727,5.263158
A1J2931UBBJPXM,10.000000,8.742857,9.243243,7.823529,10.000000
A1LP6O85Z894GT,10.000000,8.000000,8.833333,7.000000,8.000000
AVOCNUFOXUCA6,6.714286,7.714286,6.250000,6.571429,5.724138
A3N5XIM9R2OQH0,8.000000,8.000000,8.000000,8.333333,0.000000
A2D8CUJPOSRPNA,8.000000,10.000000,8.333333,9.234043,9.714286
AE9V37MS6QY8D,8.000000,0.000000,8.285714,8.600000,7.200000
AGQY11NLQJ2JL,6.000000,9.000000,9.900000,8.000000,7.500000
A1S3C5OFU508P3,10.000000,0.000000,5.000000,0.000000,9.100000
A2RKI7RPP5CJMG,6.823529,8.307692,7.868421,7.947368,6.903226
A1FDW1SPYKB354,8.000000,10.000000,10.000000,10.000000,10.000000
A1W702WG1LC6R3,8.000000,8.260870,8.200000,8.166667,8.320000
AOTMP0OKJOUWI,9.000000,0.000000,8.000000,0.000000,9.000000
A3ICCTSCBT7GS9,0.000000,0.000000,10.000000,0.000000,10.000000
A9NCQGVV5W8N0,10.000000,10.000000,9.200000,5.000000,6.526316
A327YZ9EDPHDOQ,10.000000,10.000000,10.000000,10.000000,10.000000
ANIMV3SPDD8SH,6.666667,4.666667,6.969697,7.777778,6.166667
A3R36DZQEWNVJ1,4.909091,6.000000,6.352941,4.666667,4.444444
A86R2KZIFHKLB,10.000000,0.000000,10.000000,0.000000,9.333333
A18CRS4FLVH5YW,2.000000,6.000000,6.666667,9.000000,6.315789
A3U5JCXIXTGSLN,6.000000,8.000000,9.142857,8.000000,7.857143
A2NOZB6VZCTOI4,0.000000,9.333333,7.285714,10.000000,10.000000
A2KB14WCZ1DVE3,10.000000,3.000000,8.400000,9.636364,8.333333
A2P2JXU9JEYNV3,8.000000,2.000000,6.000000,9.733333,9.333333
A1ER5AYS3FQ9O3,8.000000,8.000000,8.470588,6.666667,9.058824
A1X054KUYG5V,7.250000,9.384615,6.461538,6.518519,7.404444
A36HBE2C5SQ2E6,10.000000,10.000000,8.533333,4.000000,7.333333
A2GYX971VETQBV,6.000000,8.000000,6.956522,8.533333,8.000000
A5A2QE6NECFR5,9.000000,6.000000,8.545455,8.400000,8.000000
A2DSXA1E02C86D,6.000000,5.600000,8.764706,8.800000,7.866667
A2C27IQUH9N1Z,8.000000,0.000000,9.680000,8.666667,9.200000
AHABFECTNE15I,0.000000,0.000000,8.000000,0.000000,7.041667
AG8U6F6226GBZ,4.000000,0.000000,5.000000,7.000000,5.333333
A1ZH9LWMX5UCFJ,9.333333,0.000000,8.444444,0.000000,8.400000
A2GANR9I6XHTU9,0.000000,0.000000,5.333333,6.666667,7.333333
A1IKOYZVFHO1XP,0.000000,0.000000,10.000000,0.000000,9.600000
A157XTSMJH9XA4,0.000000,0.000000,9.500000,9.727273,0.000000
A4X7FBQ5SKPI6,4.000000,0.000000,3.600000,0.000000,7.238095
AZCDCO6KK2T81,5.000000,6.800000,8.227273,8.297872,6.000000
A1ZTE3K3EN4TS3,8.000000,0.000000,9.800000,9.600000,8.818182
A17BT73RVRQYSP,8.875000,0.000000,10.000000,9.777778,8.095238
AV5G37VFE5NVD,8.666667,8.285714,9.073171,8.127660,7.789474
A3V5DUZ5KXPGQA,10.000000,10.000000,7.600000,8.000000,8.857143
A1I9B4PSCDDWOO,3.200000,8.000000,7.466667,7.818182,6.000000
A1R8AO9XASQ15C,0.000000,6.000000,9.777778,9.142857,8.666667
A1ZS82R4RC0I2N,0.000000,5.555556,6.000000,5.600000,5.333333
A2E0EZ8DO5YSU3,0.000000,4.000000,6.500000,0.000000,4.307692
A2UX5ABICURKL5,0.000000,0.000000,10.000000,8.400000,9.375000
ADKA2MJQQCMTO,6.000000,0.000000,5.571429,2.666667,5.777778
A1FS9R0JXHLHEG,7.428571,0.000000,9.750000,10.000000,8.434783
A3CWH6VKCTJAD,8.000000,10.000000,8.666667,8.827586,7.454545
A2KG8WLR1AKO12,10.000000,0.000000,8.740741,8.545455,8.250000
A1N49TOJZFG48H,9.500000,0.000000,8.666667,9.500000,7.636364
ADJBUPS8SJHTC,0.000000,0.000000,9.900000,10.000000,9.250000
ALJGB7XHPFCR,8.800000,7.111111,9.714286,9.666667,8.210526
ARYSE5JQ3AG7L,8.000000,0.000000,10.000000,8.000000,8.148148
A1YQ6QB2127AJ4,10.000000,9.600000,9.677419,9.500000,9.200000
AE0E6UII0VSZA,9.466667,10.000000,8.909091,9.894737,10.000000
A1CYRTQ04LYI55,6.400000,9.333333,8.000000,0.000000,9.000000
A3HQXFLZ6WI70Q,0.000000,0.000000,0.000000,10.000000,9.744681
A2C5LA07JCDWTN,6.888889,0.000000,8.307692,9.142857,8.666667
A21B2TJBWCSK1R,9.400000,9.000000,9.047619,7.904762,8.960000
A2UN5UY8Q6YMOF,6.000000,8.000000,4.166667,4.000000,7.269231
ADS5APY1NKTL4,0.000000,10.000000,9.931034,10.000000,9.200000
A34IBXM7E8CPWE,6.571429,10.000000,8.000000,7.473684,6.952381
A18RQ2URRGIIEA,8.000000,9.500000,9.155556,9.250000,7.629630
